rank,author,author_alias,attribution_link,total_downloads,adjusted_total_downloads,asset_count,map_count,mod_count
1,ahkimn,Yukina-,https://subwaybuildermodded.com/credits,56246,56246,143,142,1
2,rslurry,slurry,https://github.com/rslurry,23314,23314,35,33,2
3,Valdotorium,Valdotorium,https://github.com/Valdotorium,15429,15429,7,4,3
4,stefanorigano,Steno,https://github.com/stefanorigano,13939,13939,1,0,1
5,crumpetime,muffintime,https://github.com/crumpetime,13937,13937,9,8,1
6,BarKuperman,BarKuperman,https://github.com/BarKuperman,12716,12715,14,11,3
7,devenperez,devenperez,https://github.com/devenperez,11849,11849,8,8,0
8,Kronifer,Kronifer,https://github.com/Kronifer,11035,11035,10,10,0
9,martig7,martig7,https://github.com/martig7,10943,10943,2,0,2
10,Maximilian284,max02,https://github.com/Maximilian284,10532,10532,21,21,0
11,budhakr,budhakr,https://github.com/budhakr,9746,9746,27,26,1
12,pierreggt,pierreggt,https://github.com/pierreggt,9703,9703,77,77,0
13,nzh0172,naz,https://github.com/nzh0172,7433,7433,8,5,3
14,seanyushoumori,seanyushoumori,https://github.com/seanyushoumori,7271,7271,5,0,5
15,ryandicicco,ryandicicco,https://github.com/ryandicicco,4917,4917,11,11,0
16,DanielD1909,DanielD1909,https://github.com/DanielD1909,4240,4240,4,1,3
17,kaicardenas0618,kaicardenas0618,https://github.com/kaicardenas0618,3975,3975,13,10,3
18,Bobby-047,Bobby-047,https://github.com/Bobby-047,3871,3871,1,0,1
19,jelegend,jelegend,https://github.com/jelegend,3841,3841,1,1,0
20,roquerodrigo,roquerodrigo,https://github.com/roquerodrigo,2903,2903,2,0,2
21,Gio1112,giorgiodabest,https://giorgio.is-a.dev/,2901,2901,1,0,1
22,hsullivan1201,hsullivan1201,https://github.com/hsullivan1201,2729,2729,1,0,1
23,pendulating,pendulating,https://github.com/pendulating,2463,2463,1,0,1
24,Mpfk,Mpfk,https://github.com/Mpfk,1993,1993,1,0,1
25,WillBarouch,WillBarouch,https://github.com/WillBarouch,1833,1833,1,1,0
26,PSWBSF,Potato Spaghetti Water Balloon Space Federation,https://youtu.be/dQw4w9WgXcQ?t=0,1715,1713,10,10,0
27,soccerjonj,soccerjonj,https://github.com/soccerjonj,1648,1648,7,7,0
28,TransitCore,TransitCore,https://github.com/TransitCore,1597,1597,2,0,2
29,YellowAquarium,YellowAquarium,https://github.com/YellowAquarium,1515,1515,1,0,1
30,rexmhall09,rexmhall09,https://github.com/rexmhall09,1456,1456,1,0,1
31,NoahGarrf,NoahGarrf,https://github.com/NoahGarrf,1410,1410,7,0,7
32,IMB11,IMB11,https://github.com/IMB11,1262,1262,2,0,2
33,NerdieSanders,NerdieSanders,https://github.com/NerdieSanders,1121,1121,2,2,0
34,Capitao-piolho,Miguel Sousa,https://github.com/Capitao-piolho,655,655,1,1,0
35,Rmerr1,Rmerr1,https://github.com/Rmerr1,638,638,1,1,0
36,danielloong714,danielloong714,https://github.com/danielloong714,519,519,1,0,1
37,cromstar,cromstar,https://github.com/cromstar,488,488,1,1,0
38,hernang87,hernang87,https://github.com/hernang87,421,421,1,1,0
39,worstboyinaustral1a,worstboyinaustral1a,https://github.com/worstboyinaustral1a,407,407,1,1,0
40,akospanov,akospanov,https://github.com/akospanov,400,400,1,1,0
41,chasemanning040911-afk,lechicken,https://github.com/chasemanning040911-afk,380,380,1,1,0
42,arniber21,arniber21,https://github.com/arniber21,362,362,1,0,1
43,Zaschrona,Zaschrona,https://github.com/Zaschrona,360,360,1,0,1
44,Meszier83,Meszier83,https://github.com/Meszier83,348,348,1,1,0
45,m4d5hr1mp,m4d5hr1mp,https://github.com/m4d5hr1mp,338,338,1,0,1
46,metatablestudios,metatablestudios,https://github.com/metatablestudios,314,314,1,1,0
47,Tesarzh,Tesarzh,https://github.com/Tesarzh,288,288,1,0,1
48,holapapie-png,holapapie-png,https://github.com/holapapie-png,283,283,2,2,0
49,bquelhas,bquelhas,https://github.com/bquelhas,268,268,1,1,0
50,prodigious-penguin,prodigious-penguin,https://github.com/prodigious-penguin,264,264,1,0,1
51,JGuylherme,JGuylherme,https://github.com/JGuylherme,223,223,1,1,0
52,patchbaywizard,patchbaywizard,https://github.com/patchbaywizard,223,223,1,0,1
53,TathanDev,TathanDev,https://github.com/TathanDev,221,221,1,0,1
54,xoaninc,xoaninc,https://github.com/xoaninc,217,217,1,0,1
55,giannons46,giannons46,https://github.com/giannons46,202,202,1,1,0
56,JayToTheAy,JayToTheAy,https://github.com/JayToTheAy,187,187,1,1,0
57,bean1322,bean1322,https://github.com/bean1322,183,183,2,2,0
58,lexenygma,lexenygma,https://github.com/lexenygma,174,174,1,1,0
59,Phineapoo,Phineapoo,https://github.com/Phineapoo,157,157,1,1,0
60,JcPires,JcPires,https://github.com/JcPires,109,109,1,1,0
61,MaxCheng95,MaxCheng95,https://github.com/MaxCheng95,62,62,2,0,2
62,matematysek,matematysek,https://github.com/matematysek,23,23,1,0,1
63,luu8358,luu8358,https://github.com/luu8358,2,2,1,0,1
64,subway-builder-modded-admin,Subway Builder Modded,https://subwaybuildermodded.com,0,0,2,0,2
