rank,author,author_alias,attribution_link,asset_count,map_count,mod_count,download_change,adjusted_download_change,current_total,adjusted_current_total,baseline_total,adjusted_baseline_total,latest_snapshot,baseline_snapshot
1,ahkimn,Yukina-,https://subwaybuildermodded.com/credits,89,88,1,1744,1744,25781,25781,24037,24037,snapshot_2026_07_28.json,snapshot_2026_07_25.json
2,rslurry,slurry,https://github.com/rslurry,35,33,2,778,778,18069,18069,17291,17291,snapshot_2026_07_28.json,snapshot_2026_07_25.json
3,martig7,martig7,https://github.com/martig7,2,0,2,766,766,6211,6211,5445,5445,snapshot_2026_07_28.json,snapshot_2026_07_25.json
4,Valdotorium,Valdotorium,https://github.com/Valdotorium,7,4,3,743,743,9617,9617,8874,8874,snapshot_2026_07_28.json,snapshot_2026_07_25.json
5,Maximilian284,max02,https://github.com/Maximilian284,19,19,0,703,703,7239,7239,6536,6536,snapshot_2026_07_28.json,snapshot_2026_07_25.json
6,crumpetime,muffintime,https://github.com/crumpetime,9,8,1,634,634,9406,9406,8772,8772,snapshot_2026_07_28.json,snapshot_2026_07_25.json
7,devenperez,devenperez,https://github.com/devenperez,8,8,0,570,570,8511,8511,7941,7941,snapshot_2026_07_28.json,snapshot_2026_07_25.json
8,stefanorigano,Steno,https://github.com/stefanorigano,1,0,1,535,535,11072,11072,10537,10537,snapshot_2026_07_28.json,snapshot_2026_07_25.json
9,Kronifer,Kronifer,https://github.com/Kronifer,9,9,0,379,379,7749,7749,7370,7370,snapshot_2026_07_28.json,snapshot_2026_07_25.json
10,pierreggt,pierreggt,https://github.com/pierreggt,14,14,0,353,353,1735,1735,1382,1382,snapshot_2026_07_28.json,snapshot_2026_07_25.json
11,pendulating,pendulating,https://github.com/pendulating,1,0,1,276,276,580,580,304,304,snapshot_2026_07_28.json,snapshot_2026_07_25.json
12,rexmhall09,rexmhall09,https://github.com/rexmhall09,1,0,1,262,262,262,262,0,0,snapshot_2026_07_28.json,snapshot_2026_07_25.json
13,seanyushoumori,seanyushoumori,https://github.com/seanyushoumori,5,0,5,257,257,4765,4765,4508,4508,snapshot_2026_07_28.json,snapshot_2026_07_25.json
14,roquerodrigo,roquerodrigo,https://github.com/roquerodrigo,2,0,2,250,250,925,925,675,675,snapshot_2026_07_28.json,snapshot_2026_07_25.json
15,BarKuperman,BarKuperman,https://github.com/BarKuperman,4,2,2,241,241,5407,5407,5166,5166,snapshot_2026_07_28.json,snapshot_2026_07_25.json
16,IMB11,IMB11,https://github.com/IMB11,2,0,2,239,239,800,800,561,561,snapshot_2026_07_28.json,snapshot_2026_07_25.json
17,nzh0172,naz,https://github.com/nzh0172,8,5,3,219,219,5381,5381,5162,5162,snapshot_2026_07_28.json,snapshot_2026_07_25.json
18,kimth9,kimth9,https://github.com/kimth9,20,19,1,161,161,7848,7848,7687,7687,snapshot_2026_07_28.json,snapshot_2026_07_25.json
19,ryandicicco,ryandicicco,https://github.com/ryandicicco,7,7,0,142,142,3488,3488,3346,3346,snapshot_2026_07_28.json,snapshot_2026_07_25.json
20,jelegend,jelegend,https://github.com/jelegend,1,1,0,100,100,3180,3180,3080,3080,snapshot_2026_07_28.json,snapshot_2026_07_25.json
21,Bobby-047,Bobby-047,https://github.com/Bobby-047,1,0,1,94,94,2991,2991,2897,2897,snapshot_2026_07_28.json,snapshot_2026_07_25.json
22,kaicardenas0618,kaicardenas0618,https://github.com/kaicardenas0618,13,10,3,86,86,2779,2779,2693,2693,snapshot_2026_07_28.json,snapshot_2026_07_25.json
23,hernang87,hernang87,https://github.com/hernang87,1,1,0,68,68,68,68,0,0,snapshot_2026_07_28.json,snapshot_2026_07_25.json
24,DanielD1909,DanielD1909,https://github.com/DanielD1909,3,1,2,63,63,2711,2711,2648,2648,snapshot_2026_07_28.json,snapshot_2026_07_25.json
25,Mpfk,Mpfk,https://github.com/Mpfk,1,0,1,50,50,1500,1500,1450,1450,snapshot_2026_07_28.json,snapshot_2026_07_25.json
26,Gio1112,giorgiodabest,https://giorgio.is-a.dev/,1,0,1,48,48,2406,2406,2358,2358,snapshot_2026_07_28.json,snapshot_2026_07_25.json
27,hsullivan1201,hsullivan1201,https://github.com/hsullivan1201,1,0,1,44,44,2189,2189,2145,2145,snapshot_2026_07_28.json,snapshot_2026_07_25.json
28,NerdieSanders,NerdieSanders,https://github.com/NerdieSanders,1,1,0,40,40,621,621,581,581,snapshot_2026_07_28.json,snapshot_2026_07_25.json
29,TransitCore,TransitCore,https://github.com/TransitCore,2,0,2,39,39,1254,1254,1215,1215,snapshot_2026_07_28.json,snapshot_2026_07_25.json
30,bquelhas,bquelhas,https://github.com/bquelhas,1,1,0,37,37,737,737,700,700,snapshot_2026_07_28.json,snapshot_2026_07_25.json
31,giannons46,giannons46,https://github.com/giannons46,1,1,0,23,23,85,85,62,62,snapshot_2026_07_28.json,snapshot_2026_07_25.json
32,worstboyinaustral1a,worstboyinaustral1a,https://github.com/worstboyinaustral1a,1,1,0,22,22,253,253,231,231,snapshot_2026_07_28.json,snapshot_2026_07_25.json
33,PSWBSF,Potato Spaghetti Water Balloon Space Federation,https://youtu.be/dQw4w9WgXcQ?t=0,10,10,0,18,18,1843,1843,1825,1825,snapshot_2026_07_28.json,snapshot_2026_07_25.json
34,soccerjonj,soccerjonj,https://github.com/soccerjonj,7,7,0,10,10,1349,1349,1339,1339,snapshot_2026_07_28.json,snapshot_2026_07_25.json
35,WillBarouch,WillBarouch,https://github.com/WillBarouch,1,1,0,7,7,1095,1095,1088,1088,snapshot_2026_07_28.json,snapshot_2026_07_25.json
36,metatablestudios,metatablestudios,https://github.com/metatablestudios,1,1,0,7,7,292,292,285,285,snapshot_2026_07_28.json,snapshot_2026_07_25.json
37,bean1322,bean1322,https://github.com/bean1322,2,2,0,3,3,90,90,87,87,snapshot_2026_07_28.json,snapshot_2026_07_25.json
38,TathanDev,TathanDev,https://github.com/TathanDev,1,0,1,1,1,185,185,184,184,snapshot_2026_07_28.json,snapshot_2026_07_25.json
39,Phineapoo,Phineapoo,https://github.com/Phineapoo,1,1,0,1,1,110,110,109,109,snapshot_2026_07_28.json,snapshot_2026_07_25.json
40,chasemanning040911-afk,lechicken,https://github.com/chasemanning040911-afk,1,1,0,0,0,370,370,370,370,snapshot_2026_07_28.json,snapshot_2026_07_25.json
