listing_type,listing_id,version,credited_author_id
map,aachen,1.0.0,pierreggt
map,abu-dhabi,1.0.0,pierreggt
map,akron-oh,v1.0.0,bean1322
map,albany,1.0.0,soccerjonj
map,aleppo,1.0.0,pierreggt
map,alexandria,1.0.0,pierreggt
map,alicante,1.0.0,Maximilian284
map,amba,v0.1.0,hernang87
map,amba,v0.2.0,hernang87
map,amba,v0.2.1,hernang87
map,amba,v0.2.2,hernang87
map,amba,v0.2.3,hernang87
map,amba,v0.2.4,hernang87
map,amba,v0.2.5,hernang87
map,amba,v0.3.0,hernang87
map,amba,v0.3.2,hernang87
map,amba,v0.3.3,hernang87
map,amiens,1.0.0,pierreggt
map,amsterdam,1.0.0,ryandicicco
map,amsterdam,1.2.0,ryandicicco
map,amsterdam,1.2.1,ryandicicco
map,anchorage-ak,1.0.0,PSWBSF
map,angers,1.0.0,pierreggt
map,ankara,v1.0.0,pierreggt
map,antalya,v1.0.0,pierreggt
map,arc-mediterraneen,1.0.0,pierreggt
map,arequipa,1.0.0,kaicardenas0618
map,au-adelaide,1.0.0,BarKuperman
map,au-brisbane,1.0.0,BarKuperman
map,au-canberra,1.0.0,BarKuperman
map,au-melbourne,1.0.0,BarKuperman
map,au-perth,1.0.0,BarKuperman
map,au-syd2,1.0.0,BarKuperman
map,augsburg,1.0.0,pierreggt
map,baghdad,1.0.0,pierreggt
map,baltimore-dc-corridor,1.1.1,rslurry
map,baltimore-dc-corridor,1.2.0,rslurry
map,baltimore-dc-corridor,1.2.1,rslurry
map,bangkok,v1.0.0,nzh0172
map,barcelona,1.0.0,Maximilian284
map,barcelona,1.0.1,Maximilian284
map,barcelona,1.0.2,Maximilian284
map,barcelona,1.1.0,Maximilian284
map,bari,1.0.0,Maximilian284
map,bari,1.1.0,Maximilian284
map,beijing,1.0.0,Kronifer
map,beijing,1.1.0,Kronifer
map,beijing,1.2.0,Kronifer
map,beirut,1.0.0,pierreggt
map,bergen-stavanger-no,1.0.0,rslurry
map,bergen-stavanger-no,1.1.0,rslurry
map,berlin-val,1.0.0,Valdotorium
map,berlin-val,1.1.1,Valdotorium
map,besancon,1.0.0,pierreggt
map,bielefeld,1.0.0,pierreggt
map,bilbao,1.0.0,Maximilian284
map,bilbao,1.0.1,Maximilian284
map,bilbao,1.0.2,Maximilian284
map,bilbao,1.1.0,Maximilian284
map,bologna,1.0.0,Maximilian284
map,bologna,1.1.0,Maximilian284
map,bonn-koeln,1.0.0,pierreggt
map,bordeaux-arcachon-libourne,v1.4.0,pierreggt
map,bremen,1.0.0,pierreggt
map,brest,1.0.0,pierreggt
map,brussels,v1.0.0,lexenygma
map,bucharest-medium,v1.1.1,metatablestudios
map,bucharest-medium,1.1.3,metatablestudios
map,buffalo-ny,1.0.0,PSWBSF
map,busan-3,0.1.0,budhakr
map,busan-3,0.1.1,budhakr
map,busan-3,0.2.0,budhakr
map,busan-4,0.1.0,budhakr
map,busan-4,0.1.1,budhakr
map,busan-4,0.2.0,budhakr
map,busan-4,0.3.1,budhakr
map,busan-4,0.4.0,budhakr
map,caen,1.0.0,pierreggt
map,cairo,2.0.0,ryandicicco
map,cairo,2.0.1,ryandicicco
map,cairo,2.1.0,ryandicicco
map,cairo,2.2.0,ryandicicco
map,cairo,2.2.1,ryandicicco
map,calais-dunkerque,1.0.0,pierreggt
map,calgary,1.0.1,devenperez
map,calgary,1.1.3,devenperez
map,calgary,2.0.1,devenperez
map,calgary,2.1.0,devenperez
map,cancun-riviera-maya,v1.0.1,Meszier83
map,cancun-riviera-maya,v1.0.5,Meszier83
map,cancun-riviera-maya,v1.1.0,Meszier83
map,cancun-riviera-maya,v1.1.1,Meszier83
map,cancun-riviera-maya,1.1.2,Meszier83
map,cancun-riviera-maya,v1.1.2,Meszier83
map,cancun-riviera-maya,1.1.3,Meszier83
map,cape-town,v1.0.1,worstboyinaustral1a
map,catania,1.0.0,Maximilian284
map,catania,1.1.0,Maximilian284
map,catt-chile-central,v1.0.0,holapapie-png
map,catt-gran-santiago,v1.0.0,holapapie-png
map,cdmx-core,1.0.0,rslurry
map,cdmx-core,1.1.0,rslurry
map,changwon,0.3.1,budhakr
map,changwon,0.4.0,budhakr
map,charleston-huntington-wv,1.0.0,PSWBSF
map,charleston-sc,1.0.0,PSWBSF
map,chemnitz,1.0.0,pierreggt
map,chennai,1.0.0,ryandicicco
map,chennai,1.1.0,ryandicicco
map,chennai,1.1.1,ryandicicco
map,chennai,1.1.2,ryandicicco
map,cheongju,0.3.1,budhakr
map,cheongju,0.4.0,budhakr
map,chiclayo,1.0.0,kaicardenas0618
map,chimbote,1.0.0,kaicardenas0618
map,chongqing,1.0.0,Kronifer
map,chongqing,1.1.0,Kronifer
map,chongqing,1.2.0,Kronifer
map,chuncheon,0.3.1,budhakr
map,chuncheon,0.4.0,budhakr
map,ciudad-de-mexico,1.0.0,rslurry
map,ciudad-de-mexico,1.1.0,rslurry
map,ciudad-de-mexico,1.1.1,rslurry
map,ciudad-de-mexico,1.2.0,rslurry
map,ciudad-de-mexico,1.3.0,rslurry
map,ciudad-juarez-el-paso,1.0.0,rslurry
map,ciudad-juarez-el-paso,1.0.1,rslurry
map,ciudad-juarez-el-paso,1.0.2,rslurry
map,ciudad-juarez-el-paso,1.1.1,rslurry
map,colorado-ski-country,1.0.0,soccerjonj
map,connecticut-usa,1.0.0,PSWBSF
map,corse,1.0.0,pierreggt
map,cusco,1.0.0,kaicardenas0618
map,daegu-3,0.1.0,budhakr
map,daegu-3,0.1.1,budhakr
map,daegu-3,0.2.0,budhakr
map,daegu-4,0.1.0,budhakr
map,daegu-4,0.1.1,budhakr
map,daegu-4,0.2.0,budhakr
map,daegu-4,0.3.1,budhakr
map,daegu-4,0.4.0,budhakr
map,daejeon-3,0.1.0,budhakr
map,daejeon-3,0.1.1,budhakr
map,daejeon-3,0.2.0,budhakr
map,daejeon-4,0.1.0,budhakr
map,daejeon-4,0.1.1,budhakr
map,daejeon-4,0.2.0,budhakr
map,daejeon-4,0.3.1,budhakr
map,daejeon-4,0.4.0,budhakr
map,damascus,1.0.0,pierreggt
map,damascus,1.0.1,pierreggt
map,dayton-oh,1.0.0,PSWBSF
map,dayton-oh,1.1.0,PSWBSF
map,daytonatti,1.0.0,soccerjonj
map,delhi,1.0.0,ryandicicco
map,delhi,1.1.0,ryandicicco
map,delhi,1.1.1,ryandicicco
map,delhi,1.1.2,ryandicicco
map,dijon,1.0.0,pierreggt
map,doha,1.0.0,pierreggt
map,doha,1.0.1,pierreggt
map,dresden,1.0.0,pierreggt
map,dubai,1.2.0,ryandicicco
map,dubai,1.2.1,ryandicicco
map,dublin,v1.0.0,Kronifer
map,dublin,v1.1.0,Kronifer
map,edmonton,1.0.1,devenperez
map,edmonton,1.1.3,devenperez
map,edmonton,2.0.1,devenperez
map,edmonton,2.1.0,devenperez
map,erbil,1.0.0,pierreggt
map,erfurt,1.0.0,pierreggt
map,eurodistrict-bale,1.0.0,pierreggt
map,florence,1.0.0,Maximilian284
map,florence,1.1.0,Maximilian284
map,freiburg,1.0.0,pierreggt
map,gangneung,0.3.1,budhakr
map,gangneung,0.4.0,budhakr
map,garda-lake,1.0.0,Maximilian284
map,garda-lake,1.1.0,Maximilian284
map,genoa,1.0.0,Maximilian284
map,genoa,1.1.0,Maximilian284
map,glasgow-edinburgh,v1.0.0,Kronifer
map,grand-geneve,1.0.0,pierreggt
map,greater-baltimore,1.1.0,rslurry
map,greater-baltimore,1.2.0,rslurry
map,greater-chicagoland,v1.0.0,NerdieSanders
map,greater-chicagoland,v1.0.1,NerdieSanders
map,greater-chicagoland,v1.2.0,NerdieSanders
map,greater-chicagoland,v1.3.0,NerdieSanders
map,greater-chicagoland,v1.4.1,NerdieSanders
map,greater-kuala-lumpur,v1.0.0,nzh0172
map,greater-kuala-lumpur,v1.1.0,nzh0172
map,greater-los-angeles,1.0.1,rslurry
map,greater-los-angeles,1.1.0,rslurry
map,greater-los-angeles,1.1.1,rslurry
map,greater-los-angeles,1.1.2,rslurry
map,greater-los-angeles,1.2.0,rslurry
map,greater-los-angeles,1.3.1,rslurry
map,greater-newyork,v1.0.1,chasemanning040911-afk
map,greater-newyork,v1.0.2,chasemanning040911-afk
map,greater-portland,1.0.0,rslurry
map,greater-portland,1.1.0,rslurry
map,greatertwincities,v1.0.0,DanielD1909
map,greatertwincities,v2.0.1,DanielD1909
map,guadalajara,1.0.0,rslurry
map,guadalajara,1.0.1,rslurry
map,guadalajara,1.1.0,rslurry
map,guadalajara,1.1.1,rslurry
map,guadalajara,1.1.2,rslurry
map,guadalajara,1.2.0,rslurry
map,guadalajara,1.3.1,rslurry
map,guadeloupe,1.0.0,pierreggt
map,guangzhou,1.0.0,Kronifer
map,guangzhou,1.1.0,Kronifer
map,guangzhou,1.2.0,Kronifer
map,guangzhou,1.3.0,Kronifer
map,guangzhou,1.4.0,Kronifer
map,guyane,1.0.0,pierreggt
map,gwangju-3,0.1.0,budhakr
map,gwangju-3,0.1.1,budhakr
map,gwangju-3,0.2.0,budhakr
map,gwangju-4,0.1.0,budhakr
map,gwangju-4,0.1.1,budhakr
map,gwangju-4,0.2.0,budhakr
map,gwangju-4,0.3.1,budhakr
map,gwangju-4,0.4.0,budhakr
map,gyeongju-pohang,0.3.1,budhakr
map,gyeongju-pohang,0.4.0,budhakr
map,hamburg,1.0.0,pierreggt
map,hannover-braunschweig,1.0.0,pierreggt
map,helsinki,1.0.0,rslurry
map,helsinki,1.1.0,rslurry
map,helsinki,1.1.1,rslurry
map,helsinki,1.2.0,rslurry
map,helsinki,1.3.0,rslurry
map,helsinki,1.3.1,rslurry
map,huancayo-jauja,1.0.0,kaicardenas0618
map,ile-de-france,1.0.2,JcPires
map,incheon-3,0.1.0,budhakr
map,incheon-3,0.1.1,budhakr
map,incheon-3,0.2.0,budhakr
map,incheon-4,0.1.0,budhakr
map,incheon-4,0.1.1,budhakr
map,incheon-4,0.2.0,budhakr
map,incheon-4,0.3.1,budhakr
map,incheon-4,0.4.0,budhakr
map,ipoh,1.0.0,nzh0172
map,iquitos,1.0.0,kaicardenas0618
map,istanbul,v1.0.0,pierreggt
map,jacksonville,1.0.0,rslurry
map,jacksonville,1.1.0,rslurry
map,jeddah-mecca,1.0.0,pierreggt
map,jeju-3,0.1.0,budhakr
map,jeju-3,0.1.1,budhakr
map,jeju-3,0.2.0,budhakr
map,jeju-4,0.1.0,budhakr
map,jeju-4,0.1.1,budhakr
map,jeju-4,0.2.0,budhakr
map,jeju-f,0.1.0,budhakr
map,jeju-f,0.1.1,budhakr
map,jeju-f,0.2.0,budhakr
map,jeju-f,0.3.1,budhakr
map,jeju-f,0.4.0,budhakr
map,jelegend-tokyo,v0.1.0,jelegend
map,jelegend-tokyo,v0.3.0,jelegend
map,jelegend-tokyo,v0.4.0,jelegend
map,jelegend-tokyo,v0.5.0,jelegend
map,jelegend-tokyo,v0.6.0,jelegend
map,jelegend-tokyo,v0.7.0,jelegend
map,jeonju-metropolitan,0.4.0,budhakr
map,jerusalem,v0.3.1,BarKuperman
map,jerusalem,v0.3.2,BarKuperman
map,johor-bahru,1.0.0,nzh0172
map,kiel,1.0.0,pierreggt
map,knoxville,1.1.1,rslurry
map,knoxville,1.2.0,rslurry
map,kolkata,1.0.0,ryandicicco
map,kolkata,1.1.0,ryandicicco
map,kolkata,1.1.1,ryandicicco
map,kolkata,1.1.2,ryandicicco
map,kristiansand-no,1.0.0,rslurry
map,kristiansand-no,1.1.0,rslurry
map,kuwait-city,1.0.0,pierreggt
map,la-rochelle,1.0.0,pierreggt
map,le-havre,1.0.0,pierreggt
map,le-mans,1.0.0,pierreggt
map,lille,v1.0.0,pierreggt
map,lille,2.0.0,pierreggt
map,lima,1.0.0,kaicardenas0618
map,lima,1.0.1,kaicardenas0618
map,lima,1.1.0,kaicardenas0618
map,limoges,1.0.0,pierreggt
map,los-angeles-county,1.0.0,rslurry
map,los-angeles-county,1.1.0,rslurry
map,los-angeles-county,1.1.1,rslurry
map,los-angeles-county,1.2.0,rslurry
map,los-angeles-county,1.3.1,rslurry
map,louisville,1.0.0,soccerjonj
map,luebeck,1.0.0,pierreggt
map,lyon,v1.0.0,pierreggt
map,lyon,v1.0.2,pierreggt
map,lyon,2.0.1,pierreggt
map,madrid,1.0.0,Maximilian284
map,madrid,1.0.1,Maximilian284
map,madrid,1.0.2,Maximilian284
map,madrid,1.1.0,Maximilian284
map,magdeburg,1.0.0,pierreggt
map,marseille,v1.0.0,pierreggt
map,marseille,v1.0.2,pierreggt
map,marseille,v1.0.3,pierreggt
map,marseille,2.0.0,pierreggt
map,martinique,1.0.0,pierreggt
map,mashhad,1.0.0,pierreggt
map,memphis,1.1.0,rslurry
map,memphis,1.2.0,rslurry
map,metz-nancy,1.0.0,pierreggt
map,mexicali,1.0.0,rslurry
map,mexicali,1.1.1,rslurry
map,mfn-hamptonroads,1.4.1,crumpetime
map,mfn-hamptonroads,2.0.3,crumpetime
map,mfn-hong-kong,0.3.0,crumpetime
map,mfn-hong-kong,0.4.0,crumpetime
map,mfn-hong-kong,0.5.0,crumpetime
map,mfn-hong-kong,0.5.2,crumpetime
map,mfn-hong-kong,1.0.5,crumpetime
map,mfn-lasvegas,1.1.0,crumpetime
map,mfn-madisonwi,3.0.0,crumpetime
map,mfn-msy,1.0.0,crumpetime
map,mfn-northwestar,1.0.0,crumpetime
map,mfn-rdu,1.0.0,crumpetime
map,mfn-rsw,2.0.0,crumpetime
map,milan,1.0.0,Maximilian284
map,milan,1.1.0,Maximilian284
map,mississippi,1.1.1,JayToTheAy
map,moenchengladbach,1.0.0,pierreggt
map,monterrey,1.0.0,rslurry
map,monterrey,1.0.1,rslurry
map,monterrey,1.1.0,rslurry
map,monterrey,1.1.1,rslurry
map,monterrey,1.1.2,rslurry
map,monterrey,1.1.3,rslurry
map,monterrey,1.2.0,rslurry
map,monterrey,1.3.1,rslurry
map,montpellier-mediterranee,v1.0.0,pierreggt
map,montreal,1.0.1,devenperez
map,montreal,1.1.3,devenperez
map,montreal,2.0.1,devenperez
map,montreal,2.1.0,devenperez
map,moscow-and-oblast,v0.1.1,akospanov
map,mosul,1.0.0,pierreggt
map,muenchen,1.0.0,pierreggt
map,mumbai,1.0.0,ryandicicco
map,mumbai,1.1.0,ryandicicco
map,mumbai,1.1.1,ryandicicco
map,mumbai,1.1.2,ryandicicco
map,muscat,1.0.0,pierreggt
map,nantes,v1.0.0,pierreggt
map,nantes,1.0.1,pierreggt
map,naples,1.0.0,Maximilian284
map,naples,1.1.0,Maximilian284
map,nashville,2.0.0,soccerjonj
map,nice-cote-d-azur,v1.0.2,pierreggt
map,nuernberg,1.0.0,pierreggt
map,nz-auckland,1.0.0,BarKuperman
map,nz-christchurch,1.0.0,BarKuperman
map,nz-wellington,1.0.0,BarKuperman
map,oklahoma-city,1.0.0,ryandicicco
map,oklahoma-city,1.1.0,ryandicicco
map,oklahoma-city,1.1.1,ryandicicco
map,oklahoma-city,1.2.0,ryandicicco
map,opo-pt-metropolitan,v0.1.1,bquelhas
map,opo-pt-metropolitan,v0.2.0,bquelhas
map,opo-pt-metropolitan,v0.2.1,bquelhas
map,opo-pt-metropolitan,v0.3.0,Capitao-piolho
map,opo-pt-metropolitan,v0.4.2,Capitao-piolho
map,opo-pt-metropolitan,v0.4.3,Capitao-piolho
map,orange-county,1.0.3,rslurry
map,orange-county,1.1.0,rslurry
map,orlando,1.1.1,rslurry
map,orlando,1.2.0,rslurry
map,orleans,1.0.0,pierreggt
map,oslo-no,1.0.0,rslurry
map,oslo-no,1.1.0,rslurry
map,ottawa,1.0.1,devenperez
map,ottawa,1.1.3,devenperez
map,ottawa,2.0.2,devenperez
map,ottawa,2.1.0,devenperez
map,palermo,1.0.0,Maximilian284
map,palermo,1.1.0,Maximilian284
map,palma-de-mallorca,1.0.0,Maximilian284
map,paris-ile-de-france,v1.0.0,pierreggt
map,paris-ile-de-france,v1.0.5,pierreggt
map,paris-ile-de-france,2.0.0,pierreggt
map,paris-ile-de-france,2.0.1,pierreggt
map,pau,1.0.0,pierreggt
map,pays-basque,1.0.0,pierreggt
map,pianura-emiliana,1.0.0,Maximilian284
map,pianura-emiliana,1.1.0,Maximilian284
map,pianura-veneta,1.0.0,Maximilian284
map,pianura-veneta,1.1.0,Maximilian284
map,piedmont-triad,1.0.0,PSWBSF
map,piedmont-triad,v1.0.0,PSWBSF
map,piura,1.0.0,kaicardenas0618
map,providence,1.0.0,soccerjonj
map,puebla,1.0.0,rslurry
map,puebla,1.1.0,rslurry
map,puebla,1.1.1,rslurry
map,puebla,1.2.0,rslurry
map,puebla,1.3.1,rslurry
map,puerto-rico,1.0.1,rslurry
map,puerto-rico,1.1.0,rslurry
map,pulau-pinang,1.0.0,nzh0172
map,pyongyang-nk,1.0.0,PSWBSF
map,quebec-city,1.0.1,devenperez
map,quebec-city,1.1.3,devenperez
map,quebec-city,2.0.1,devenperez
map,quebec-city,2.1.0,devenperez
map,reims,1.0.0,pierreggt
map,rennes,v1.0.0,pierreggt
map,rennes,1.0.1,pierreggt
map,reunion,1.0.0,pierreggt
map,rhein-main-neckar,1.0.0,pierreggt
map,rhode-island,1.0.0,rslurry
map,rhode-island,1.1.0,rslurry
map,richmond,1.1.0,rslurry
map,richmond,1.2.0,rslurry
map,rio-metropolitan,v2.0.0,JGuylherme
map,rio-metropolitan,v2.2.0,JGuylherme
map,riviera-romagnola,1.0.0,Maximilian284
map,riviera-romagnola,1.1.0,Maximilian284
map,riyadh,1.0.0,pierreggt
map,rochester,1.1.0,rslurry
map,rochester,1.2.0,rslurry
map,rome,1.0.0,Maximilian284
map,rome,1.1.0,Maximilian284
map,rotterdam-the-hague,1.0.0,ryandicicco
map,rotterdam-the-hague,1.1.0,ryandicicco
map,rotterdam-the-hague,1.1.1,ryandicicco
map,rouen,1.0.0,pierreggt
map,ruhrgebiet,1.0.0,pierreggt
map,sacramento,1.0.0,soccerjonj
map,saltillo,1.0.0,rslurry
map,saltillo,1.1.0,rslurry
map,saltillo,1.1.1,rslurry
map,saltillo,1.1.2,rslurry
map,saltillo,1.2.0,rslurry
map,saltillo,1.3.0,rslurry
map,saltillo,1.3.1,rslurry
map,san-antonio,1.1.1,rslurry
map,san-antonio,1.2.0,rslurry
map,san-juan,1.0.0,rslurry
map,san-juan,1.1.0,rslurry
map,santa-barbara,1.0.1,rslurry
map,santa-barbara,1.1.0,rslurry
map,sejong-3,0.1.0,budhakr
map,sejong-3,0.1.1,budhakr
map,sejong-3,0.2.0,budhakr
map,sejong-4,0.1.0,budhakr
map,sejong-4,0.1.1,budhakr
map,sejong-4,0.2.0,budhakr
map,sejong-4,0.3.1,budhakr
map,sejong-4,0.4.0,budhakr
map,seoul,0.5.7,cromstar
map,seoul,0.5.8,cromstar
map,seoul-3,0.1.0,budhakr
map,seoul-3,0.1.1,budhakr
map,seoul-3,0.2.0,budhakr
map,seoul-4,0.1.0,budhakr
map,seoul-4,0.1.1,budhakr
map,seoul-4,0.2.0,budhakr
map,seoul-4,0.3.1,budhakr
map,seoul-4,0.4.0,budhakr
map,sevilla,1.0.0,Maximilian284
map,shanghai,1.0.0,Kronifer
map,shanghai,1.1.0,Kronifer
map,shanghai,1.2.0,Kronifer
map,shanghai,1.3.0,Kronifer
map,shenzhen,1.0.0,Kronifer
map,shenzhen,1.1.0,Kronifer
map,shenzhen,1.2.0,Kronifer
map,shenzhen,1.3.0,Kronifer
map,shiraz,1.0.0,pierreggt
map,singapore-val,1.0.0,Valdotorium
map,singapore-val,1.1.0,Valdotorium
map,sofia-bulgaria,v1.0.0,giannons46
map,sofia-bulgaria,v1.0.1,giannons46
map,south-florida,v1.0.0,kaicardenas0618
map,south-florida,v1.1.0,kaicardenas0618
map,south-florida,v2.0.0,kaicardenas0618
map,spokane,1.0.0,ryandicicco
map,spokane,2.0.0,ryandicicco
map,spokane,2.1.0,ryandicicco
map,spokane,2.2.0,ryandicicco
map,spokane,2.2.1,ryandicicco
map,springfield-il,v1.0.0,NerdieSanders
map,strasbourg,v1.0.0,pierreggt
map,strasbourg,1.0.3,pierreggt
map,stuttgart,1.0.0,pierreggt
map,suwon,0.3.1,budhakr
map,suwon,0.4.0,budhakr
map,sydney,1.0.0,WillBarouch
map,sydney,1.1.0,WillBarouch
map,sydney,1.2.0,WillBarouch
map,sydney,2.0.0,WillBarouch
map,sydney,2.1.0,WillBarouch
map,syracuse-ny,1.0.0,PSWBSF
map,tampa-bay,1.1.0,rslurry
map,tampa-bay,1.2.0,rslurry
map,tampa-bay,1.3.2,rslurry
map,tampa-bay,1.3.3,rslurry
map,tampa-bay,1.3.4,rslurry
map,tehran,1.0.0,pierreggt
map,tel-aviv,v1.2.0,BarKuperman
map,tel-aviv,v1.3.0,BarKuperman
map,tel-aviv,v2.0.0,BarKuperman
map,tel-aviv,v2.0.1,BarKuperman
map,tijuana-san-diego,1.0.0,rslurry
map,tijuana-san-diego,1.0.1,rslurry
map,tijuana-san-diego,1.0.2,rslurry
map,tijuana-san-diego,1.1.1,rslurry
map,toledo-oh,1.0.0,bean1322
map,toronto,1.0.1,devenperez
map,toronto,1.1.3,devenperez
map,toronto,2.0.2,devenperez
map,toronto,2.1.0,devenperez
map,toulouse,v1.0.0,pierreggt
map,toulouse,1.0.1,pierreggt
map,tours,1.0.0,pierreggt
map,tri-cities,1.0.0,ryandicicco
map,tri-cities,1.0.1,ryandicicco
map,tri-cities,1.0.2,ryandicicco
map,tri-cities,1.1.0,ryandicicco
map,tri-cities,1.1.1,ryandicicco
map,tri-cities,1.2.0,ryandicicco
map,tromso-no,1.0.0,rslurry
map,tromso-no,1.1.0,rslurry
map,trondheim-no,1.0.0,rslurry
map,trondheim-no,1.1.0,rslurry
map,trondheim-val,1.0.0,Valdotorium
map,troyes,1.0.0,pierreggt
map,trujillo,1.0.0,kaicardenas0618
map,turin,1.0.0,Maximilian284
map,turin,1.1.0,Maximilian284
map,ulsan-3,0.1.0,budhakr
map,ulsan-3,0.1.1,budhakr
map,ulsan-3,0.2.0,budhakr
map,ulsan-4,0.1.0,budhakr
map,ulsan-4,0.1.1,budhakr
map,ulsan-4,0.2.0,budhakr
map,ulsan-4,0.3.1,budhakr
map,ulsan-4,0.4.0,budhakr
map,valencia,1.0.0,Maximilian284
map,valencia,1.0.1,Maximilian284
map,valencia,1.0.2,Maximilian284
map,valencia,1.1.0,Maximilian284
map,vancouver,1.0.1,devenperez
map,vancouver,1.1.3,devenperez
map,vancouver,2.0.1,devenperez
map,vancouver,2.1.0,devenperez
map,vienna,v1.0.0,Rmerr1
map,vienna,v1.0.1,Rmerr1
map,vienna,v1.1.0,Rmerr1
map,vienna,v1.2.0,Rmerr1
map,warsaw-val,1.0.0,Valdotorium
map,waterloo,1.0.0,Kronifer
map,waterloo,1.0.1,Kronifer
map,waterloo,1.1.0,Kronifer
map,willamette-valley,1.0.0,Phineapoo
map,wilmington-nc,1.0.0,PSWBSF
map,wilmington-nc,v1.0.0,PSWBSF
map,winnipeg,1.0.1,devenperez
map,winnipeg,1.1.3,devenperez
map,winnipeg,2.0.1,devenperez
map,winnipeg,2.1.0,devenperez
map,xiamen,1.0.0,Kronifer
map,yukina-akita,0.1.0,ahkimn
map,yukina-akita,0.1.1,ahkimn
map,yukina-akita,0.1.2,ahkimn
map,yukina-asahikawa,0.1.0,ahkimn
map,yukina-asahikawa,0.1.1,ahkimn
map,yukina-asahikawa,0.2.0,ahkimn
map,yukina-asahikawa,0.2.1,ahkimn
map,yukina-asahikawa,0.2.2,ahkimn
map,yukina-asahikawa,0.2.3,ahkimn
map,yukina-bydgoszcz-torun,0.1.0,ahkimn
map,yukina-bydgoszcz-torun,0.2.0,ahkimn
map,yukina-bydgoszcz-torun,0.2.1,ahkimn
map,yukina-bydgoszcz-torun,0.3.0,ahkimn
map,yukina-bydgoszcz-torun,0.4.0,ahkimn
map,yukina-bydgoszcz-torun,0.5.0,ahkimn
map,yukina-bydgoszcz-torun,0.5.1,ahkimn
map,yukina-cz-brno,0.1.0,ahkimn
map,yukina-cz-brno,0.1.1,ahkimn
map,yukina-cz-brno,0.2.0,ahkimn
map,yukina-cz-brno,0.2.1,ahkimn
map,yukina-cz-brno,0.3.0,ahkimn
map,yukina-cz-brno,0.4.0,ahkimn
map,yukina-cz-brno,0.4.1,ahkimn
map,yukina-cz-brno,0.4.2,ahkimn
map,yukina-cz-ceske-budejovice,0.1.0,ahkimn
map,yukina-cz-ceske-budejovice,0.2.0,ahkimn
map,yukina-cz-ceske-budejovice,0.3.0,ahkimn
map,yukina-cz-ceske-budejovice,0.3.1,ahkimn
map,yukina-cz-ceske-budejovice,0.3.2,ahkimn
map,yukina-cz-hradec-pardubice,0.1.0,ahkimn
map,yukina-cz-hradec-pardubice,0.2.0,ahkimn
map,yukina-cz-hradec-pardubice,0.2.1,ahkimn
map,yukina-cz-hradec-pardubice,0.3.0,ahkimn
map,yukina-cz-hradec-pardubice,0.4.0,ahkimn
map,yukina-cz-hradec-pardubice,0.4.1,ahkimn
map,yukina-cz-hradec-pardubice,0.4.2,ahkimn
map,yukina-cz-jihlava,0.1.0,ahkimn
map,yukina-cz-jihlava,0.2.0,ahkimn
map,yukina-cz-jihlava,0.2.1,ahkimn
map,yukina-cz-jihlava,0.2.2,ahkimn
map,yukina-cz-karlovy-vary,0.1.0,ahkimn
map,yukina-cz-karlovy-vary,0.2.0,ahkimn
map,yukina-cz-karlovy-vary,0.2.1,ahkimn
map,yukina-cz-karlovy-vary,0.2.2,ahkimn
map,yukina-cz-liberec-jablonec,0.1.0,ahkimn
map,yukina-cz-liberec-jablonec,0.2.0,ahkimn
map,yukina-cz-liberec-jablonec,0.3.0,ahkimn
map,yukina-cz-liberec-jablonec,0.3.1,ahkimn
map,yukina-cz-liberec-jablonec,0.3.2,ahkimn
map,yukina-cz-olomouc,0.1.0,ahkimn
map,yukina-cz-olomouc,0.2.0,ahkimn
map,yukina-cz-olomouc,0.2.1,ahkimn
map,yukina-cz-olomouc,0.3.0,ahkimn
map,yukina-cz-olomouc,0.4.0,ahkimn
map,yukina-cz-olomouc,0.4.1,ahkimn
map,yukina-cz-olomouc,0.4.2,ahkimn
map,yukina-cz-ostrava,0.1.0,ahkimn
map,yukina-cz-ostrava,0.1.1,ahkimn
map,yukina-cz-ostrava,0.2.0,ahkimn
map,yukina-cz-ostrava,0.2.1,ahkimn
map,yukina-cz-ostrava,0.3.0,ahkimn
map,yukina-cz-ostrava,0.4.0,ahkimn
map,yukina-cz-ostrava,0.4.1,ahkimn
map,yukina-cz-ostrava,0.4.2,ahkimn
map,yukina-cz-plzen,0.1.0,ahkimn
map,yukina-cz-plzen,0.1.1,ahkimn
map,yukina-cz-plzen,0.2.0,ahkimn
map,yukina-cz-plzen,0.2.1,ahkimn
map,yukina-cz-plzen,0.3.0,ahkimn
map,yukina-cz-plzen,0.4.0,ahkimn
map,yukina-cz-plzen,0.4.1,ahkimn
map,yukina-cz-plzen,0.4.2,ahkimn
map,yukina-cz-praha,0.1.0,ahkimn
map,yukina-cz-praha,0.1.1,ahkimn
map,yukina-cz-praha,0.2.0,ahkimn
map,yukina-cz-praha,0.2.1,ahkimn
map,yukina-cz-praha,0.3.0,ahkimn
map,yukina-cz-praha,0.4.0,ahkimn
map,yukina-cz-praha,0.4.1,ahkimn
map,yukina-cz-praha,0.4.2,ahkimn
map,yukina-cz-ustecko-chomutov,0.1.0,ahkimn
map,yukina-cz-ustecko-chomutov,0.2.0,ahkimn
map,yukina-cz-ustecko-chomutov,0.2.1,ahkimn
map,yukina-cz-ustecko-chomutov,0.3.0,ahkimn
map,yukina-cz-ustecko-chomutov,0.4.0,ahkimn
map,yukina-cz-ustecko-chomutov,0.4.1,ahkimn
map,yukina-cz-ustecko-chomutov,0.4.2,ahkimn
map,yukina-cz-zlin,0.1.0,ahkimn
map,yukina-cz-zlin,0.2.0,ahkimn
map,yukina-cz-zlin,0.2.1,ahkimn
map,yukina-cz-zlin,0.2.2,ahkimn
map,yukina-ee-ida-viru,0.1.0,ahkimn
map,yukina-ee-ida-viru,0.2.0,ahkimn
map,yukina-ee-ida-viru,0.2.1,ahkimn
map,yukina-ee-ida-viru,0.3.0,ahkimn
map,yukina-ee-ida-viru,0.3.1,ahkimn
map,yukina-ee-parnu,0.1.0,ahkimn
map,yukina-ee-parnu,0.2.0,ahkimn
map,yukina-ee-parnu,0.2.1,ahkimn
map,yukina-ee-parnu,0.3.0,ahkimn
map,yukina-ee-parnu,0.3.1,ahkimn
map,yukina-ee-tallinn,0.1.0,ahkimn
map,yukina-ee-tallinn,0.2.0,ahkimn
map,yukina-ee-tallinn,0.2.1,ahkimn
map,yukina-ee-tallinn,0.3.0,ahkimn
map,yukina-ee-tallinn,0.3.1,ahkimn
map,yukina-ee-tartu,0.1.0,ahkimn
map,yukina-ee-tartu,0.2.0,ahkimn
map,yukina-ee-tartu,0.2.1,ahkimn
map,yukina-ee-tartu,0.3.0,ahkimn
map,yukina-ee-tartu,0.3.1,ahkimn
map,yukina-fuji-numazu,0.1.0,ahkimn
map,yukina-fuji-numazu,0.1.1,ahkimn
map,yukina-fuji-numazu,0.1.2,ahkimn
map,yukina-fukui,0.1.0,ahkimn
map,yukina-fukui,0.1.1,ahkimn
map,yukina-fukui,0.1.2,ahkimn
map,yukina-fukuoka,0.2.0,ahkimn
map,yukina-fukuoka,0.3.0,ahkimn
map,yukina-fukuoka,0.4.0,ahkimn
map,yukina-fukuoka,0.5.0,ahkimn
map,yukina-fukuoka,0.5.1,ahkimn
map,yukina-fukuoka,0.6.0,ahkimn
map,yukina-fukuoka,0.6.1,ahkimn
map,yukina-fukuoka,0.6.2,ahkimn
map,yukina-fukuoka,0.6.3,ahkimn
map,yukina-fukuyama,0.1.0,ahkimn
map,yukina-fukuyama,0.1.1,ahkimn
map,yukina-fukuyama,0.1.2,ahkimn
map,yukina-hachinohe,0.1.0,ahkimn
map,yukina-hachinohe,0.1.1,ahkimn
map,yukina-hachinohe,0.1.2,ahkimn
map,yukina-hakodate,0.1.0,ahkimn
map,yukina-hakodate,0.2.0,ahkimn
map,yukina-hakodate,0.4.0,ahkimn
map,yukina-hakodate,0.5.0,ahkimn
map,yukina-hakodate,0.5.1,ahkimn
map,yukina-hakodate,0.5.2,ahkimn
map,yukina-hakodate,0.5.3,ahkimn
map,yukina-hakodate,0.5.4,ahkimn
map,yukina-hiroshima-kure,0.2.0,ahkimn
map,yukina-hiroshima-kure,0.3.0,ahkimn
map,yukina-hiroshima-kure,0.4.0,ahkimn
map,yukina-hiroshima-kure,0.5.0,ahkimn
map,yukina-hiroshima-kure,0.6.0,ahkimn
map,yukina-hiroshima-kure,0.6.1,ahkimn
map,yukina-hiroshima-kure,0.6.2,ahkimn
map,yukina-hiroshima-kure,0.6.3,ahkimn
map,yukina-hiroshima-kure,0.6.4,ahkimn
map,yukina-hu-bekescsaba,0.1.0,ahkimn
map,yukina-hu-budapest,0.1.0,ahkimn
map,yukina-hu-debrecen-nyiregyhaza,0.1.0,ahkimn
map,yukina-hu-gyor,0.1.0,ahkimn
map,yukina-hu-kaposvar,0.1.0,ahkimn
map,yukina-hu-miskolc,0.1.0,ahkimn
map,yukina-hu-nyugat-dunantul,0.1.0,ahkimn
map,yukina-hu-pecs,0.1.0,ahkimn
map,yukina-hu-szeged,0.1.0,ahkimn
map,yukina-hu-szekszard-baja,0.1.0,ahkimn
map,yukina-hu-veszprem-balaton,0.1.0,ahkimn
map,yukina-kagoshima-kirishima,0.2.0,ahkimn
map,yukina-kagoshima-kirishima,0.3.0,ahkimn
map,yukina-kagoshima-kirishima,0.4.0,ahkimn
map,yukina-kagoshima-kirishima,0.5.0,ahkimn
map,yukina-kagoshima-kirishima,0.5.1,ahkimn
map,yukina-kagoshima-kirishima,0.5.2,ahkimn
map,yukina-kagoshima-kirishima,0.5.3,ahkimn
map,yukina-kanazawa,0.1.0,ahkimn
map,yukina-kanazawa,0.1.1,ahkimn
map,yukina-kanazawa,0.1.2,ahkimn
map,yukina-keihanshin,0.1.0,ahkimn
map,yukina-keihanshin,0.1.1,ahkimn
map,yukina-keihanshin,0.1.2,ahkimn
map,yukina-keihanshin,0.1.3,ahkimn
map,yukina-keihanshin,0.1.4,ahkimn
map,yukina-kitakyushu-shimonoseki,0.2.0,ahkimn
map,yukina-kitakyushu-shimonoseki,0.3.0,ahkimn
map,yukina-kitakyushu-shimonoseki,0.4.0,ahkimn
map,yukina-kitakyushu-shimonoseki,0.5.0,ahkimn
map,yukina-kitakyushu-shimonoseki,0.5.1,ahkimn
map,yukina-kitakyushu-shimonoseki,0.6.0,ahkimn
map,yukina-kitakyushu-shimonoseki,0.6.1,ahkimn
map,yukina-kitakyushu-shimonoseki,0.6.2,ahkimn
map,yukina-kitakyushu-shimonoseki,0.6.3,ahkimn
map,yukina-kobe-akashi,0.2.0,ahkimn
map,yukina-kobe-akashi,0.3.0,ahkimn
map,yukina-kobe-akashi,0.4.0,ahkimn
map,yukina-kobe-akashi,0.5.0,ahkimn
map,yukina-kobe-akashi,0.5.1,ahkimn
map,yukina-kobe-akashi,0.5.2,ahkimn
map,yukina-kobe-akashi,0.5.3,ahkimn
map,yukina-kobe-akashi,0.5.4,ahkimn
map,yukina-kochi,0.2.0,ahkimn
map,yukina-kochi,0.3.0,ahkimn
map,yukina-kochi,0.4.0,ahkimn
map,yukina-kochi,0.5.0,ahkimn
map,yukina-kochi,0.6.0,ahkimn
map,yukina-kochi,0.6.1,ahkimn
map,yukina-kochi,0.6.2,ahkimn
map,yukina-kochi,0.6.3,ahkimn
map,yukina-kochi,0.6.4,ahkimn
map,yukina-kofu,0.1.0,ahkimn
map,yukina-kofu,0.1.1,ahkimn
map,yukina-kofu,0.1.2,ahkimn
map,yukina-kumamoto,0.1.0,ahkimn
map,yukina-kumamoto,0.2.0,ahkimn
map,yukina-kumamoto,0.2.1,ahkimn
map,yukina-kumamoto,0.2.2,ahkimn
map,yukina-kumamoto,0.2.3,ahkimn
map,yukina-kyoto,0.2.0,ahkimn
map,yukina-kyoto,0.3.0,ahkimn
map,yukina-kyoto,0.4.0,ahkimn
map,yukina-kyoto,0.5.0,ahkimn
map,yukina-kyoto,0.6.0,ahkimn
map,yukina-kyoto,0.6.1,ahkimn
map,yukina-kyoto,0.6.2,ahkimn
map,yukina-kyoto,0.6.3,ahkimn
map,yukina-lt-kaunas,0.1.0,ahkimn
map,yukina-lt-kaunas,0.1.1,ahkimn
map,yukina-lt-kaunas,0.2.0,ahkimn
map,yukina-lt-kaunas,0.2.1,ahkimn
map,yukina-lt-kaunas,0.3.0,ahkimn
map,yukina-lt-klaipeda,0.1.0,ahkimn
map,yukina-lt-klaipeda,0.1.1,ahkimn
map,yukina-lt-klaipeda,0.2.0,ahkimn
map,yukina-lt-klaipeda,0.2.1,ahkimn
map,yukina-lt-klaipeda,0.3.0,ahkimn
map,yukina-lt-panevezys,0.1.0,ahkimn
map,yukina-lt-panevezys,0.1.1,ahkimn
map,yukina-lt-panevezys,0.2.0,ahkimn
map,yukina-lt-panevezys,0.2.1,ahkimn
map,yukina-lt-panevezys,0.3.0,ahkimn
map,yukina-lt-siauliai,0.1.0,ahkimn
map,yukina-lt-siauliai,0.1.1,ahkimn
map,yukina-lt-siauliai,0.2.0,ahkimn
map,yukina-lt-siauliai,0.2.1,ahkimn
map,yukina-lt-siauliai,0.3.0,ahkimn
map,yukina-lt-vilnius,0.1.0,ahkimn
map,yukina-lt-vilnius,0.1.1,ahkimn
map,yukina-lt-vilnius,0.2.0,ahkimn
map,yukina-lt-vilnius,0.2.1,ahkimn
map,yukina-lt-vilnius,0.3.0,ahkimn
map,yukina-lv-daugavpils,0.1.0,ahkimn
map,yukina-lv-daugavpils,0.1.1,ahkimn
map,yukina-lv-daugavpils,0.1.2,ahkimn
map,yukina-lv-daugavpils,0.2.0,ahkimn
map,yukina-lv-daugavpils,0.2.1,ahkimn
map,yukina-lv-liepaja,0.1.0,ahkimn
map,yukina-lv-liepaja,0.1.1,ahkimn
map,yukina-lv-liepaja,0.1.2,ahkimn
map,yukina-lv-liepaja,0.2.0,ahkimn
map,yukina-lv-liepaja,0.2.1,ahkimn
map,yukina-lv-riga,0.1.0,ahkimn
map,yukina-lv-riga,0.1.1,ahkimn
map,yukina-lv-riga,0.1.2,ahkimn
map,yukina-lv-riga,0.2.0,ahkimn
map,yukina-lv-riga,0.2.1,ahkimn
map,yukina-maebashi,0.1.0,ahkimn
map,yukina-maebashi,0.1.1,ahkimn
map,yukina-maebashi,0.1.2,ahkimn
map,yukina-matsumoto,0.1.0,ahkimn
map,yukina-matsumoto,0.1.1,ahkimn
map,yukina-matsumoto,0.1.2,ahkimn
map,yukina-matsuyama,0.2.0,ahkimn
map,yukina-matsuyama,0.3.0,ahkimn
map,yukina-matsuyama,0.4.0,ahkimn
map,yukina-matsuyama,0.5.0,ahkimn
map,yukina-matsuyama,0.6.0,ahkimn
map,yukina-matsuyama,0.6.1,ahkimn
map,yukina-matsuyama,0.6.2,ahkimn
map,yukina-matsuyama,0.6.3,ahkimn
map,yukina-matsuyama,0.6.4,ahkimn
map,yukina-mito-hitachi,0.1.0,ahkimn
map,yukina-mito-hitachi,0.1.1,ahkimn
map,yukina-mito-hitachi,0.1.2,ahkimn
map,yukina-miyazaki,0.1.0,ahkimn
map,yukina-miyazaki,0.1.1,ahkimn
map,yukina-miyazaki,0.1.2,ahkimn
map,yukina-morioka,0.1.0,ahkimn
map,yukina-morioka,0.2.0,ahkimn
map,yukina-morioka,0.2.1,ahkimn
map,yukina-morioka,0.2.2,ahkimn
map,yukina-morioka,0.2.3,ahkimn
map,yukina-nagano,0.1.0,ahkimn
map,yukina-nagano,0.1.1,ahkimn
map,yukina-nagano,0.1.2,ahkimn
map,yukina-nagasaki,0.1.0,ahkimn
map,yukina-nagasaki,0.2.0,ahkimn
map,yukina-nagasaki,0.3.0,ahkimn
map,yukina-nagasaki,0.3.1,ahkimn
map,yukina-nagasaki,0.3.2,ahkimn
map,yukina-nagasaki,0.3.3,ahkimn
map,yukina-nagasaki,0.3.4,ahkimn
map,yukina-nagoya,0.1.4,ahkimn
map,yukina-nagoya,0.1.5,ahkimn
map,yukina-nagoya,0.2.0,ahkimn
map,yukina-nagoya,0.2.1,ahkimn
map,yukina-nagoya,0.2.2,ahkimn
map,yukina-nagoya,0.2.3,ahkimn
map,yukina-nakadoori,0.1.0,ahkimn
map,yukina-nakadoori,0.1.1,ahkimn
map,yukina-nakadoori,0.2.0,ahkimn
map,yukina-nakadoori,0.2.1,ahkimn
map,yukina-nakadoori,0.2.2,ahkimn
map,yukina-nakadoori,0.2.3,ahkimn
map,yukina-nakadoori,0.2.4,ahkimn
map,yukina-nakaumi,0.1.0,ahkimn
map,yukina-nakaumi,0.2.0,ahkimn
map,yukina-nakaumi,0.3.0,ahkimn
map,yukina-nakaumi,0.4.0,ahkimn
map,yukina-nakaumi,0.4.1,ahkimn
map,yukina-nakaumi,0.4.2,ahkimn
map,yukina-nakaumi,0.4.3,ahkimn
map,yukina-niigata,0.2.0,ahkimn
map,yukina-niigata,0.3.0,ahkimn
map,yukina-niigata,0.4.0,ahkimn
map,yukina-niigata,0.5.0,ahkimn
map,yukina-niigata,0.5.1,ahkimn
map,yukina-niigata,0.5.2,ahkimn
map,yukina-niigata,0.5.3,ahkimn
map,yukina-niigata,0.5.4,ahkimn
map,yukina-northern-kyushu,0.1.0,ahkimn
map,yukina-northern-kyushu,0.1.1,ahkimn
map,yukina-northern-kyushu,0.2.0,ahkimn
map,yukina-northern-kyushu,0.2.1,ahkimn
map,yukina-northern-kyushu,0.2.2,ahkimn
map,yukina-northern-kyushu,0.2.3,ahkimn
map,yukina-oita,0.1.0,ahkimn
map,yukina-oita,0.1.1,ahkimn
map,yukina-oita,0.1.2,ahkimn
map,yukina-okayama,0.1.0,ahkimn
map,yukina-okayama,0.2.0,ahkimn
map,yukina-okayama,0.2.1,ahkimn
map,yukina-okayama,0.2.2,ahkimn
map,yukina-okayama,0.2.3,ahkimn
map,yukina-okinawa,0.2.0,ahkimn
map,yukina-okinawa,0.3.0,ahkimn
map,yukina-okinawa,0.4.0,ahkimn
map,yukina-okinawa,0.5.0,ahkimn
map,yukina-okinawa,0.6.0,ahkimn
map,yukina-okinawa,0.6.1,ahkimn
map,yukina-okinawa,0.6.2,ahkimn
map,yukina-okinawa,0.6.3,ahkimn
map,yukina-osaka,0.1.0,ahkimn
map,yukina-osaka,0.1.1,ahkimn
map,yukina-osaka,0.1.2,ahkimn
map,yukina-osaka,0.1.3,ahkimn
map,yukina-osaka,0.2.0,ahkimn
map,yukina-osaka,0.3.0,ahkimn
map,yukina-osaka,0.3.1,ahkimn
map,yukina-osaka,0.3.2,ahkimn
map,yukina-osaka,0.3.3,ahkimn
map,yukina-pl-bialystok,0.1.0,ahkimn
map,yukina-pl-bialystok,0.1.1,ahkimn
map,yukina-pl-bialystok,0.2.0,ahkimn
map,yukina-pl-bialystok,0.3.0,ahkimn
map,yukina-pl-bialystok,0.4.0,ahkimn
map,yukina-pl-bialystok,0.4.1,ahkimn
map,yukina-pl-central-pomerania,0.1.0,ahkimn
map,yukina-pl-central-pomerania,0.2.0,ahkimn
map,yukina-pl-central-pomerania,0.2.1,ahkimn
map,yukina-pl-czestochowa,0.1.0,ahkimn
map,yukina-pl-czestochowa,0.2.0,ahkimn
map,yukina-pl-czestochowa,0.3.0,ahkimn
map,yukina-pl-czestochowa,0.3.1,ahkimn
map,yukina-pl-gdansk,0.1.0,ahkimn
map,yukina-pl-gdansk,0.2.0,ahkimn
map,yukina-pl-gdansk,0.2.1,ahkimn
map,yukina-pl-gdansk,0.3.0,ahkimn
map,yukina-pl-gdansk,0.4.0,ahkimn
map,yukina-pl-gdansk,0.5.0,ahkimn
map,yukina-pl-gdansk,0.5.1,ahkimn
map,yukina-pl-katowice-gzm,0.1.0,ahkimn
map,yukina-pl-katowice-gzm,0.1.1,ahkimn
map,yukina-pl-katowice-gzm,0.2.0,ahkimn
map,yukina-pl-katowice-gzm,0.3.0,ahkimn
map,yukina-pl-katowice-gzm,0.4.0,ahkimn
map,yukina-pl-katowice-gzm,0.4.1,ahkimn
map,yukina-pl-kielce,0.1.0,ahkimn
map,yukina-pl-kielce,0.2.0,ahkimn
map,yukina-pl-kielce,0.3.0,ahkimn
map,yukina-pl-kielce,0.3.1,ahkimn
map,yukina-pl-krakow,0.1.0,ahkimn
map,yukina-pl-krakow,0.2.0,ahkimn
map,yukina-pl-krakow,0.2.1,ahkimn
map,yukina-pl-krakow,0.3.0,ahkimn
map,yukina-pl-krakow,0.4.0,ahkimn
map,yukina-pl-krakow,0.5.0,ahkimn
map,yukina-pl-krakow,0.5.1,ahkimn
map,yukina-pl-legnica,0.1.0,ahkimn
map,yukina-pl-legnica,0.2.0,ahkimn
map,yukina-pl-legnica,0.3.0,ahkimn
map,yukina-pl-legnica,0.3.1,ahkimn
map,yukina-pl-lodz,0.1.0,ahkimn
map,yukina-pl-lodz,0.2.0,ahkimn
map,yukina-pl-lodz,0.2.1,ahkimn
map,yukina-pl-lodz,0.3.0,ahkimn
map,yukina-pl-lodz,0.4.0,ahkimn
map,yukina-pl-lodz,0.5.0,ahkimn
map,yukina-pl-lodz,0.5.1,ahkimn
map,yukina-pl-lublin,0.1.0,ahkimn
map,yukina-pl-lublin,0.1.1,ahkimn
map,yukina-pl-lublin,0.2.0,ahkimn
map,yukina-pl-lublin,0.3.0,ahkimn
map,yukina-pl-lublin,0.4.0,ahkimn
map,yukina-pl-lublin,0.4.1,ahkimn
map,yukina-pl-olsztyn,0.1.0,ahkimn
map,yukina-pl-olsztyn,0.2.0,ahkimn
map,yukina-pl-olsztyn,0.3.0,ahkimn
map,yukina-pl-olsztyn,0.3.1,ahkimn
map,yukina-pl-opole,0.1.0,ahkimn
map,yukina-pl-opole,0.2.0,ahkimn
map,yukina-pl-opole,0.3.0,ahkimn
map,yukina-pl-opole,0.3.1,ahkimn
map,yukina-pl-plock-wloclawek,0.1.0,ahkimn
map,yukina-pl-plock-wloclawek,0.2.0,ahkimn
map,yukina-pl-plock-wloclawek,0.2.1,ahkimn
map,yukina-pl-poznan,0.1.0,ahkimn
map,yukina-pl-poznan,0.1.1,ahkimn
map,yukina-pl-poznan,0.2.0,ahkimn
map,yukina-pl-poznan,0.3.0,ahkimn
map,yukina-pl-poznan,0.4.0,ahkimn
map,yukina-pl-poznan,0.4.1,ahkimn
map,yukina-pl-radom,0.1.0,ahkimn
map,yukina-pl-radom,0.2.0,ahkimn
map,yukina-pl-radom,0.3.0,ahkimn
map,yukina-pl-radom,0.3.1,ahkimn
map,yukina-pl-rzeszow,0.1.0,ahkimn
map,yukina-pl-rzeszow,0.1.1,ahkimn
map,yukina-pl-rzeszow,0.2.0,ahkimn
map,yukina-pl-rzeszow,0.3.0,ahkimn
map,yukina-pl-rzeszow,0.4.0,ahkimn
map,yukina-pl-rzeszow,0.4.1,ahkimn
map,yukina-pl-szczecin,0.1.0,ahkimn
map,yukina-pl-szczecin,0.1.1,ahkimn
map,yukina-pl-szczecin,0.2.0,ahkimn
map,yukina-pl-szczecin,0.3.0,ahkimn
map,yukina-pl-szczecin,0.4.0,ahkimn
map,yukina-pl-szczecin,0.4.1,ahkimn
map,yukina-pl-warszawa,0.1.0,ahkimn
map,yukina-pl-warszawa,0.1.1,ahkimn
map,yukina-pl-warszawa,0.2.0,ahkimn
map,yukina-pl-warszawa,0.3.0,ahkimn
map,yukina-pl-warszawa,0.4.0,ahkimn
map,yukina-pl-warszawa,0.4.1,ahkimn
map,yukina-pl-wroclaw,0.1.0,ahkimn
map,yukina-pl-wroclaw,0.2.0,ahkimn
map,yukina-pl-wroclaw,0.2.1,ahkimn
map,yukina-pl-wroclaw,0.3.0,ahkimn
map,yukina-pl-wroclaw,0.4.0,ahkimn
map,yukina-pl-wroclaw,0.5.0,ahkimn
map,yukina-pl-wroclaw,0.5.1,ahkimn
map,yukina-pl-zielona-gora,0.1.0,ahkimn
map,yukina-pl-zielona-gora,0.2.0,ahkimn
map,yukina-pl-zielona-gora,0.3.0,ahkimn
map,yukina-pl-zielona-gora,0.3.1,ahkimn
map,yukina-sapporo-chitose,0.2.0,ahkimn
map,yukina-sapporo-chitose,0.3.0,ahkimn
map,yukina-sapporo-chitose,0.4.0,ahkimn
map,yukina-sapporo-chitose,0.5.0,ahkimn
map,yukina-sapporo-chitose,0.6.0,ahkimn
map,yukina-sapporo-chitose,0.6.1,ahkimn
map,yukina-sapporo-chitose,0.6.2,ahkimn
map,yukina-sapporo-chitose,0.6.3,ahkimn
map,yukina-sapporo-chitose,0.6.4,ahkimn
map,yukina-sendai,0.2.0,ahkimn
map,yukina-sendai,0.3.0,ahkimn
map,yukina-sendai,0.4.0,ahkimn
map,yukina-sendai,0.5.0,ahkimn
map,yukina-sendai,0.5.1,ahkimn
map,yukina-sendai,0.5.2,ahkimn
map,yukina-sendai,0.5.3,ahkimn
map,yukina-sendai,0.5.4,ahkimn
map,yukina-shizuoka-hamamatsu,0.1.0,ahkimn
map,yukina-shizuoka-hamamatsu,0.2.0,ahkimn
map,yukina-shizuoka-hamamatsu,0.2.1,ahkimn
map,yukina-shizuoka-hamamatsu,0.2.2,ahkimn
map,yukina-shizuoka-hamamatsu,0.2.3,ahkimn
map,yukina-sk-banska-bystrica,0.1.0,ahkimn
map,yukina-sk-banska-bystrica,0.1.1,ahkimn
map,yukina-sk-bratislava,0.1.0,ahkimn
map,yukina-sk-bratislava,0.1.1,ahkimn
map,yukina-sk-kosice-presov,0.1.0,ahkimn
map,yukina-sk-kosice-presov,0.1.1,ahkimn
map,yukina-sk-nitra,0.1.0,ahkimn
map,yukina-sk-nitra,0.1.1,ahkimn
map,yukina-sk-poprad-spisska-nova-ves,0.1.0,ahkimn
map,yukina-sk-poprad-spisska-nova-ves,0.1.1,ahkimn
map,yukina-sk-trencin,0.1.0,ahkimn
map,yukina-sk-trencin,0.1.1,ahkimn
map,yukina-sk-zilina,0.1.0,ahkimn
map,yukina-sk-zilina,0.1.1,ahkimn
map,yukina-takamatsu,0.1.0,ahkimn
map,yukina-takamatsu,0.2.0,ahkimn
map,yukina-takamatsu,0.3.0,ahkimn
map,yukina-takamatsu,0.3.1,ahkimn
map,yukina-takamatsu,0.3.2,ahkimn
map,yukina-takamatsu,0.3.3,ahkimn
map,yukina-tokushima,0.1.0,ahkimn
map,yukina-tokushima,0.1.1,ahkimn
map,yukina-tokushima,0.1.2,ahkimn
map,yukina-tokyo,0.1.0,ahkimn
map,yukina-tokyo,0.1.1,ahkimn
map,yukina-tokyo,0.1.2,ahkimn
map,yukina-tottori,0.1.0,ahkimn
map,yukina-tottori,0.2.0,ahkimn
map,yukina-tottori,0.2.1,ahkimn
map,yukina-tottori,0.2.2,ahkimn
map,yukina-tottori,0.2.3,ahkimn
map,yukina-toyama,0.1.0,ahkimn
map,yukina-toyama,0.2.0,ahkimn
map,yukina-toyama,0.3.0,ahkimn
map,yukina-toyama,0.3.1,ahkimn
map,yukina-toyama,0.3.2,ahkimn
map,yukina-toyama,0.3.3,ahkimn
map,yukina-toyama,0.3.4,ahkimn
map,yukina-tsugaru,0.1.0,ahkimn
map,yukina-tsugaru,0.1.1,ahkimn
map,yukina-tsugaru,0.2.0,ahkimn
map,yukina-tsugaru,0.2.1,ahkimn
map,yukina-tsugaru,0.2.2,ahkimn
map,yukina-tsugaru,0.2.3,ahkimn
map,yukina-tsugaru,0.2.4,ahkimn
map,yukina-tw-chiayi,0.1.0,ahkimn
map,yukina-tw-chiayi,0.1.1,ahkimn
map,yukina-tw-chiayi,0.2.0,ahkimn
map,yukina-tw-chiayi,0.2.1,ahkimn
map,yukina-tw-chiayi,0.3.0,ahkimn
map,yukina-tw-chiayi,0.4.0,ahkimn
map,yukina-tw-chiayi,0.4.1,ahkimn
map,yukina-tw-hsinchu,0.1.0,ahkimn
map,yukina-tw-hsinchu,0.1.1,ahkimn
map,yukina-tw-hsinchu,0.2.0,ahkimn
map,yukina-tw-hsinchu,0.2.1,ahkimn
map,yukina-tw-hsinchu,0.3.0,ahkimn
map,yukina-tw-hsinchu,0.4.0,ahkimn
map,yukina-tw-hsinchu,0.4.1,ahkimn
map,yukina-tw-hualien-taitung,0.1.0,ahkimn
map,yukina-tw-hualien-taitung,0.1.1,ahkimn
map,yukina-tw-kaohsiung,0.1.0,ahkimn
map,yukina-tw-kaohsiung,0.1.1,ahkimn
map,yukina-tw-kaohsiung,0.2.0,ahkimn
map,yukina-tw-kaohsiung,0.2.1,ahkimn
map,yukina-tw-kaohsiung,0.3.0,ahkimn
map,yukina-tw-kaohsiung,0.4.0,ahkimn
map,yukina-tw-kaohsiung,0.4.1,ahkimn
map,yukina-tw-southern-taiwan,0.1.0,ahkimn
map,yukina-tw-southern-taiwan,0.1.1,ahkimn
map,yukina-tw-taichung,0.1.0,ahkimn
map,yukina-tw-taichung,0.1.1,ahkimn
map,yukina-tw-taichung,0.2.0,ahkimn
map,yukina-tw-taichung,0.2.1,ahkimn
map,yukina-tw-taichung,0.3.0,ahkimn
map,yukina-tw-taichung,0.4.0,ahkimn
map,yukina-tw-taichung,0.4.1,ahkimn
map,yukina-tw-tainan,0.1.0,ahkimn
map,yukina-tw-tainan,0.1.1,ahkimn
map,yukina-tw-tainan,0.2.0,ahkimn
map,yukina-tw-tainan,0.2.1,ahkimn
map,yukina-tw-tainan,0.3.0,ahkimn
map,yukina-tw-tainan,0.4.0,ahkimn
map,yukina-tw-tainan,0.4.1,ahkimn
map,yukina-tw-taipei,0.1.0,ahkimn
map,yukina-tw-taipei,0.1.1,ahkimn
map,yukina-tw-taipei,0.2.0,ahkimn
map,yukina-tw-taipei,0.2.1,ahkimn
map,yukina-tw-taipei,0.3.0,ahkimn
map,yukina-tw-taipei,0.4.0,ahkimn
map,yukina-tw-taipei,0.4.1,ahkimn
map,yukina-tw-yilan,0.1.0,ahkimn
map,yukina-tw-yilan,0.1.1,ahkimn
map,yukina-ua-cherkasy,0.1.0,ahkimn
map,yukina-ua-chernihiv,0.1.0,ahkimn
map,yukina-ua-chernivtsi,0.1.0,ahkimn
map,yukina-ua-dnipro,0.1.0,ahkimn
map,yukina-ua-dnipro,0.2.0,ahkimn
map,yukina-ua-ivano-frankivsk,0.1.0,ahkimn
map,yukina-ua-kharkiv,0.1.0,ahkimn
map,yukina-ua-kharkiv,0.2.0,ahkimn
map,yukina-ua-khmelnytskyi,0.1.0,ahkimn
map,yukina-ua-kremenchuk,0.1.0,ahkimn
map,yukina-ua-kropyvnytskyi,0.1.0,ahkimn
map,yukina-ua-kryvyi-rih,0.1.0,ahkimn
map,yukina-ua-kryvyi-rih,0.2.0,ahkimn
map,yukina-ua-kyiv,0.1.0,ahkimn
map,yukina-ua-kyiv,0.2.0,ahkimn
map,yukina-ua-lviv,0.1.0,ahkimn
map,yukina-ua-lviv,0.2.0,ahkimn
map,yukina-ua-mykolaiv-kherson,0.1.0,ahkimn
map,yukina-ua-odesa,0.1.0,ahkimn
map,yukina-ua-odesa,0.2.0,ahkimn
map,yukina-ua-poltava,0.1.0,ahkimn
map,yukina-ua-rivne-lutsk,0.1.0,ahkimn
map,yukina-ua-sumy,0.1.0,ahkimn
map,yukina-ua-ternopil,0.1.0,ahkimn
map,yukina-ua-uzhhorod-mukachevo,0.1.0,ahkimn
map,yukina-ua-vinnytsia,0.1.0,ahkimn
map,yukina-ua-zaporizhzhia,0.1.0,ahkimn
map,yukina-ua-zaporizhzhia,0.2.0,ahkimn
map,yukina-ua-zhytomyr,0.1.0,ahkimn
map,yukina-utsunomiya,0.1.0,ahkimn
map,yukina-utsunomiya,0.1.1,ahkimn
map,yukina-utsunomiya,0.1.2,ahkimn
map,yukina-wakayama,0.1.0,ahkimn
map,yukina-wakayama,0.1.1,ahkimn
map,yukina-wakayama,0.1.2,ahkimn
map,yukina-yamagata,0.2.0,ahkimn
map,yukina-yamagata,0.3.0,ahkimn
map,yukina-yamagata,0.4.0,ahkimn
map,yukina-yamagata,0.5.0,ahkimn
map,yukina-yamagata,0.5.1,ahkimn
map,yukina-yamagata,0.5.2,ahkimn
map,yukina-yamagata,0.5.3,ahkimn
map,yukina-yamagata,0.5.4,ahkimn
map,yukina-yamaguchi,0.1.0,ahkimn
map,yukina-yamaguchi,0.1.1,ahkimn
map,yukina-yamaguchi,0.1.2,ahkimn
map,zurich,v1.0.0,Kronifer
map,zurich,v1.1.0,Kronifer
map,zurich,v1.2.0,Kronifer
mod,advanced-analytics,v1.1.0,stefanorigano
mod,advanced-analytics,v1.2.0,stefanorigano
mod,advanced-analytics,v1.2.1,stefanorigano
mod,advanced-analytics,v1.2.5,stefanorigano
mod,advanced-analytics,v1.2.6,stefanorigano
mod,advanced-analytics,v1.2.7,stefanorigano
mod,advanced-analytics,v1.2.8,stefanorigano
mod,advanced-analytics,v1.2.9,stefanorigano
mod,advanced-analytics,v1.3.0,stefanorigano
mod,advanced-analytics,v1.3.1,stefanorigano
mod,advanced-analytics,v1.3.2,stefanorigano
mod,advanced-analytics,v1.4.0,stefanorigano
mod,advanced-analytics,v1.4.1,stefanorigano
mod,advanced-analytics,v1.4.2,stefanorigano
mod,advanced-analytics,v1.4.5,stefanorigano
mod,advanced-analytics,v1.4.7,stefanorigano
mod,advanced-analytics,v1.5.0,stefanorigano
mod,advanced-analytics,v1.6.0,stefanorigano
mod,advanced-analytics,v1.6.1,stefanorigano
mod,advanced-analytics,v1.6.2,stefanorigano
mod,any-money,v0.1.0,nzh0172
mod,any-money,v0.1.1,nzh0172
mod,any-money,v0.2.0,nzh0172
mod,anysave,v0.1.0,BarKuperman
mod,anysave,v0.2.0,BarKuperman
mod,auto-lines,v1.0.0,roquerodrigo
mod,auto-lines,v1.0.1,roquerodrigo
mod,auto-lines,v1.1.0,roquerodrigo
mod,auto-lines,v1.2.0,roquerodrigo
mod,auto-lines,v1.3.0,roquerodrigo
mod,basedgoat-trains,v0.1.0,arniber21
mod,basedgoat-trains,v0.1.1,arniber21
mod,basedgoat-trains,v0.2.0,arniber21
mod,basedgoat-trains,v0.3.0,arniber21
mod,basedgoat-trains,v0.4.0,arniber21
mod,basedgoat-trains,v0.5.0,arniber21
mod,basedgoat-trains,v0.6.0,arniber21
mod,basedgoat-trains,v0.6.1,arniber21
mod,basedgoat-trains,v0.6.2,arniber21
mod,basedgoat-trains,v0.6.3,arniber21
mod,chinese-trains,v1.0.0,kaicardenas0618
mod,chinese-trains,v1.0.2,kaicardenas0618
mod,chinese-trains,v1.0.3,kaicardenas0618
mod,chinese-trains,v1.0.4,kaicardenas0618
mod,chinese-trains,v1.0.5,kaicardenas0618
mod,chinese-trains,v1.0.6,kaicardenas0618
mod,chinese-trains,v1.0.7,kaicardenas0618
mod,chinese-trains,v1.0.8,kaicardenas0618
mod,chinese-trains,v1.1.0,kaicardenas0618
mod,chinese-trains,v1.1.2,kaicardenas0618
mod,chinese-trains,v1.1.3,kaicardenas0618
mod,chinese-trains,v1.1.4,kaicardenas0618
mod,chinese-trains,v1.2.0,kaicardenas0618
mod,chinese-trains,v1.2.1,kaicardenas0618
mod,chinese-trains,v2.0.0,kaicardenas0618
mod,cinematic-camera,v1.0.0,TransitCore
mod,cinematic-camera,v1.1.0,TransitCore
mod,cinematic-camera,v1.2.0,TransitCore
mod,cinematic-camera,v1.2.1,TransitCore
mod,citymapper,0.1.2,Gio1112
mod,citymapper,v0.2.0,Gio1112
mod,citymapper,v0.2.1,Gio1112
mod,citymapper,v0.2.2,Gio1112
mod,citymapper,0.8.6,Gio1112
mod,conceptrains,1.0.4,luu8358
mod,copy-paste,v1.0.0,seanyushoumori
mod,copy-paste,v1.0.1,seanyushoumori
mod,danield1909-dantrains,v1.0.0,DanielD1909
mod,danield1909-dantrains,v1.0.1,DanielD1909
mod,danield1909-dantrains,v1.0.2,DanielD1909
mod,danield1909-dantrains,v1.0.3,DanielD1909
mod,danield1909-dantrains,v1.1.0,DanielD1909
mod,danield1909-dantrains,v1.1.1,DanielD1909
mod,danield1909-dantrains,v1.1.2,DanielD1909
mod,danield1909-dantrains,v1.2.0,DanielD1909
mod,danield1909-dantrains,v1.2.1,DanielD1909
mod,danield1909-dantrains,v1.3.0,DanielD1909
mod,danield1909-dantrains,v1.3.1,DanielD1909
mod,danield1909-dantrains,v1.3.2,DanielD1909
mod,danield1909-realism-pathfinding,v0.1.0,DanielD1909
mod,dantrains-abridged,v1.1.1,DanielD1909
mod,dantrains-abridged,v1.2.0,DanielD1909
mod,dantrains-abridged,v1.3.0,DanielD1909
mod,dantrains-abridged,v1.3.1,DanielD1909
mod,dantrains-abridged,v1.4.0,DanielD1909
mod,demand-clusters,1.0.0,m4d5hr1mp
mod,demand-developer,v1.0.0,Zaschrona
mod,demand-developer,v1.1.0,Zaschrona
mod,distance-circles,0.3.3,crumpetime
mod,distance-circles,0.4.0,crumpetime
mod,distance-circles,0.5.2,crumpetime
mod,distance-circles,0.5.3,crumpetime
mod,distance-circles,0.5.4,crumpetime
mod,distance-circles,0.6.0,crumpetime
mod,distance-circles,0.6.3,crumpetime
mod,distance-circles,0.6.4,crumpetime
mod,game-speedup,v0.1.0,Valdotorium
mod,game-speedup,v0.1.1,Valdotorium
mod,hide-and-seek,v1.0.0,nzh0172
mod,imb11-moveit,v1.0.0,IMB11
mod,imb11-moveit,v1.1.0,IMB11
mod,imb11-moveit,v1.2.0,IMB11
mod,imb11-subwaycine,v1.0.1,IMB11
mod,improved-schematics,v1.0.0,martig7
mod,improved-schematics,v1.1.0,martig7
mod,improved-schematics,v1.2.0,martig7
mod,improved-schematics,v2.0.0,martig7
mod,improved-schematics,v2.1.0,martig7
mod,improved-schematics,v2.2.0,martig7
mod,improved-schematics,v2.3.0,martig7
mod,induced-demand,v1.0.0,martig7
mod,induced-demand,v1.0.1,martig7
mod,induced-demand,v1.0.2,martig7
mod,induced-demand,v1.0.3,martig7
mod,induced-demand,v1.0.4,martig7
mod,induced-demand,v1.1.0,martig7
mod,induced-demand,v1.2.0,martig7
mod,intercity-hsr-trains,v1.0.0,danielloong714
mod,japanese-trains,v1.0.0,kaicardenas0618
mod,japanese-trains,v1.0.1,kaicardenas0618
mod,japanese-trains,v1.0.2,kaicardenas0618
mod,japanese-trains,v1.0.3,kaicardenas0618
mod,japanese-trains,v1.1.0,kaicardenas0618
mod,japanese-trains,v1.1.1,kaicardenas0618
mod,japanese-trains,v2.0.0,kaicardenas0618
mod,japanese-trains,v2.0.1,kaicardenas0618
mod,japanese-trains,v2.0.2,kaicardenas0618
mod,japanese-trains,v3.0.0,YellowAquarium
mod,japanese-trains,v3.0.1,YellowAquarium
mod,japanese-trains,3.1.0,YellowAquarium
mod,japanese-trains,v3.1.1,YellowAquarium
mod,japanese-trains,v3.2.0,YellowAquarium
mod,japanese-trains,v4.0.0,YellowAquarium
mod,japanese-trains,v4.0.1,YellowAquarium
mod,japanese-trains,v4.0.2,YellowAquarium
mod,japanese-trains,v4.0.3,YellowAquarium
mod,japanese-trains,v4.1.0,YellowAquarium
mod,japanese-trains,v4.1.1,YellowAquarium
mod,japanese-trains,v4.2.0,YellowAquarium
mod,japanese-trains,v4.2.1,YellowAquarium
mod,kr-ktp,v1.0.1,budhakr
mod,kr-ktp,v1.0.2,budhakr
mod,kr-ktp,v1.0.3,budhakr
mod,la-metro-trainpack,1.0.0,NoahGarrf
mod,la-metro-trainpack,1.0.1,NoahGarrf
mod,la-metro-trainpack,1.0.2,NoahGarrf
mod,la-metro-trainpack,1.0.3,NoahGarrf
mod,larp-builder,1.0.0,NoahGarrf
mod,larp-builder,1.0.1,NoahGarrf
mod,larp-builder,1.0.2,NoahGarrf
mod,lrt-trains,v1.0.0,kaicardenas0618
mod,lrt-trains,v1.0.1,kaicardenas0618
mod,lrt-trains,v1.1.0,kaicardenas0618
mod,lrt-trains,v1.1.1,kaicardenas0618
mod,lrt-trains,v2.0.0,kaicardenas0618
mod,madrid-transit-pack,v0.9.0,xoaninc
mod,madrid-transit-pack,v0.9.1,xoaninc
mod,madrid-transit-pack,v0.9.2,xoaninc
mod,madrid-transit-pack,v0.9.3,xoaninc
mod,madrid-transit-pack,v0.9.4,xoaninc
mod,madrid-transit-pack,v0.10.0,xoaninc
mod,madrid-transit-pack,v0.12.0,xoaninc
mod,madrid-transit-pack,v0.13.0,xoaninc
mod,map-markers,v1.0.0,roquerodrigo
mod,map-markers,v1.0.1,roquerodrigo
mod,map-markers,v1.1.0,roquerodrigo
mod,map-markers,v1.1.1,roquerodrigo
mod,map-markers,v1.2.0,roquerodrigo
mod,map-markers,v1.2.1,roquerodrigo
mod,missed-connections,1.0.0,rslurry
mod,missed-connections,1.0.1,rslurry
mod,missed-connections,1.0.2,rslurry
mod,mode-manager,v1.1.1,Mpfk
mod,mode-manager,v1.1.2,Mpfk
mod,mtr-trains,v1.0.2,MaxCheng95
mod,mtr-trains,v1.0.3,MaxCheng95
mod,mtr-trains,v1.0.4,MaxCheng95
mod,mtr-trains,v1.0.5,MaxCheng95
mod,neighborhood-station-names,v0.2.1,pendulating
mod,neighborhood-station-names,v0.2.2,pendulating
mod,neighborhood-station-names,v0.3.0,pendulating
mod,neighborhood-station-names,v0.4.0,pendulating
mod,network-status,v0.1.0,Valdotorium
mod,network-status,v0.1.1,Valdotorium
mod,network-status,v0.1.2,Valdotorium
mod,network-status,v0.2.0,Valdotorium
mod,noah-great-society,1.0.0,NoahGarrf
mod,noah-great-society,1.0.1,NoahGarrf
mod,noah-great-society,1.0.2,NoahGarrf
mod,noah-great-society,1.0.3,NoahGarrf
mod,orbital-surveyor,v1.1.1,BarKuperman
mod,orbital-surveyor,v1.1.2,BarKuperman
mod,orbital-surveyor,v1.2.0,BarKuperman
mod,orbital-surveyor,v1.2.1,BarKuperman
mod,orbital-surveyor,v1.2.2,BarKuperman
mod,pause-on-start,1.0.0,rslurry
mod,penguin-approved-rolling-stock,v1.1.0,prodigious-penguin
mod,penguin-approved-rolling-stock,v1.2.0,prodigious-penguin
mod,prospector-ghebeek,0.0.1,matematysek
mod,resizable-ui,v1.0.0,Tesarzh
mod,satellite-overlay,1.0.0,TransitCore
mod,scrollable-dropdowns,v1.0.0,seanyushoumori
mod,scrollable-dropdowns,v1.1.0,seanyushoumori
mod,scrollable-dropdowns,v1.2.0,seanyushoumori
mod,simple-trains,v1.0.0,Bobby-047
mod,simple-trains,v1.0.1,Bobby-047
mod,simple-trains,v1.0.2,Bobby-047
mod,station-dots,v1.0.0,nzh0172
mod,station-dots,v1.1.0,nzh0172
mod,station-dots,v1.2.0,nzh0172
mod,station-dots,v1.3.0,nzh0172
mod,station-dots,v1.4.0,nzh0172
mod,subway-builder-performance,v0.1.0,rexmhall09
mod,subway-builder-performance,v0.2.0,rexmhall09
mod,subway-builder-performance,v0.2.1,rexmhall09
mod,subway-builder-performance,v0.2.2,rexmhall09
mod,subway-builder-performance,v0.3.0,rexmhall09
mod,subway-builder-performance,v0.4.0,rexmhall09
mod,subwaybuilder-regions,v0.4.5,ahkimn
mod,subwaybuilder-regions,v0.4.6,ahkimn
mod,subwaybuilder-regions,v0.4.7,ahkimn
mod,subwaybuilder-regions,v0.4.9,ahkimn
mod,subwaybuilder-regions,v0.4.10,ahkimn
mod,subwaybuilder-regions,v0.5.0,ahkimn
mod,subwaybuilder-regions,v0.5.1,ahkimn
mod,taiwan-trains,v1.0.0,MaxCheng95
mod,taiwan-trains,v1.0.1,MaxCheng95
mod,taiwan-trains,v1.0.2,MaxCheng95
mod,taiwan-trains,v1.0.3,MaxCheng95
mod,taiwan-trains,v1.0.4,MaxCheng95
mod,tathan-casino,v0.1.7,TathanDev
mod,time-boost,v1.8.2,patchbaywizard
mod,time-boost,v1.9.0,patchbaywizard
mod,tod,v0.2.0,hsullivan1201
mod,tod,v0.2.1,hsullivan1201
mod,tod,v0.2.2,hsullivan1201
mod,tod,v0.2.3,hsullivan1201
mod,tod,v0.2.5,hsullivan1201
mod,tod,v0.2.6,hsullivan1201
mod,tod,v0.2.7,hsullivan1201
mod,tod,v0.2.8,hsullivan1201
mod,tod,v0.2.9,hsullivan1201
mod,tod,v0.2.10,hsullivan1201
mod,track-anarchy,v1.0.0,seanyushoumori
mod,track-anarchy,v1.1.0,seanyushoumori
mod,track-anarchy,v1.1.1,seanyushoumori
mod,track-anarchy,v1.2.0,seanyushoumori
mod,track-anarchy,v1.2.1,seanyushoumori
mod,track-anarchy,v1.3.0,seanyushoumori
mod,track-anarchy,v1.3.1,seanyushoumori
mod,track-anarchy,v1.3.2,seanyushoumori
mod,track-visualizer,v1.0.0,seanyushoumori
mod,track-visualizer,v1.1.0,seanyushoumori
mod,track-visualizer,v1.1.1,seanyushoumori
mod,track-visualizer,v1.2.0,seanyushoumori
mod,track-visualizer,v1.2.1,seanyushoumori
mod,track-visualizer,v1.2.2,seanyushoumori
mod,train-anarchy,v1.0.0,seanyushoumori
mod,transit-overlay,1.5.0,BarKuperman
mod,transit-overlay,1.5.1,BarKuperman
mod,transit-overlay,v1.5.2,BarKuperman
mod,transit-overlay,v1.5.3,BarKuperman
mod,transit-overlay,v1.5.4,BarKuperman
mod,transit-overlay,v1.5.5,BarKuperman
mod,unrusted-chicago,1.0.0,NoahGarrf
mod,unrusted-chicago,1.0.1,NoahGarrf
mod,unrusted-chicago,1.0.2,NoahGarrf
mod,unrusted-cities-pack,1.0.0,NoahGarrf
mod,unrusted-cities-pack,1.0.1,NoahGarrf
mod,unrusted-cities-pack,1.0.2,NoahGarrf
mod,unrusted-detroit,1.0.1,NoahGarrf
mod,upzoned-transit,1.0.0,NoahGarrf
mod,upzoned-transit,1.0.1,NoahGarrf
mod,upzoned-transit,1.0.2,NoahGarrf
mod,upzoned-transit,1.1.0,NoahGarrf
mod,upzoned-transit,1.1.1,NoahGarrf
mod,upzoned-transit,1.1.2,NoahGarrf
mod,upzoned-transit,1.2.0,NoahGarrf
mod,valdotoriums-trains,v0.1.3,Valdotorium
mod,valdotoriums-trains,v0.1.4,Valdotorium
mod,valdotoriums-trains,v0.1.5,Valdotorium
mod,valdotoriums-trains,v0.1.6,Valdotorium
mod,valdotoriums-trains,v0.1.7,Valdotorium
mod,valdotoriums-trains,v0.2.0,Valdotorium
mod,valdotoriums-trains,v0.2.1,Valdotorium
