project_key,project_name,author,author_alias,attribution_link,listing_count,total_downloads,2026_03_11,2026_03_12,2026_03_13,2026_03_14,2026_03_15,2026_03_16,2026_03_17,2026_03_18,2026_03_19,2026_03_20,2026_03_21,2026_03_22,2026_03_23,2026_03_24,2026_03_25,2026_03_26,2026_03_27,2026_03_28,2026_03_29,2026_03_30,2026_03_31,2026_04_01,2026_04_02,2026_04_03,2026_04_04,2026_04_05,2026_04_06,2026_04_07,2026_04_08,2026_04_09,2026_04_10,2026_04_11,2026_04_12,2026_04_13,2026_04_14,2026_04_15,2026_04_16,2026_04_17,2026_04_18,2026_04_19,2026_04_20,2026_04_21,2026_04_22,2026_04_23,2026_04_24,2026_04_25,2026_04_26,2026_04_27,2026_04_28,2026_04_29,2026_04_30,2026_05_01,2026_05_02,2026_05_03,2026_05_04,2026_05_05,2026_05_06,2026_05_07,2026_05_08,2026_05_09,2026_05_10,2026_05_11,2026_05_12,2026_05_13,2026_05_14,2026_05_15,2026_05_16,2026_05_17,2026_05_18,2026_05_19,2026_05_20,2026_05_21,2026_05_22,2026_05_23,2026_05_24,2026_05_25,2026_05_26,2026_05_27,2026_05_28,2026_05_29,2026_05_30,2026_05_31,2026_06_01,2026_06_02,2026_06_03,2026_06_04,2026_06_05,2026_06_06,2026_06_07,2026_06_08,2026_06_09,2026_06_10,2026_06_11,2026_06_12,2026_06_13,2026_06_14,2026_06_15,2026_06_16,2026_06_17,2026_06_18,2026_06_19,2026_06_20,2026_06_21,2026_06_22,2026_06_23,2026_06_24,2026_06_25,2026_06_26,2026_06_27,2026_06_28,2026_06_29,2026_06_30,2026_07_01,2026_07_02,2026_07_03,2026_07_04,2026_07_05,2026_07_06,2026_07_07,2026_07_08,2026_07_09,2026_07_10,2026_07_11,2026_07_12,2026_07_13,2026_07_14,2026_07_15,2026_07_16,2026_07_17,2026_07_18,2026_07_19,2026_07_20,2026_07_21,2026_07_22,2026_07_23,2026_07_24,2026_07_25,2026_07_26,2026_07_27,2026_07_28
rslurry/subwaybuilder-maps,subwaybuilder-maps,rslurry,slurry,https://github.com/rslurry,33,17018,103,22,15,61,77,24,43,23,32,39,61,34,69,31,43,53,62,35,62,131,62,124,90,75,84,140,124,202,264,166,289,269,267,135,122,110,83,194,209,188,219,219,208,174,105,125,135,216,246,173,130,103,113,207,223,139,89,108,109,148,135,147,111,103,98,139,128,118,94,121,64,76,66,89,102,142,102,69,81,95,83,106,114,94,56,70,64,65,113,101,79,72,81,67,109,53,92,48,58,58,60,59,44,91,50,74,62,62,67,100,103,67,86,37,23,40,32,45,34,42,46,75,72,50,114,322,249,464,447,480,415,231,294,258,253,220,157,146,232,246
stefanorigano/advanced_analytics,advanced_analytics,stefanorigano,Steno,https://github.com/stefanorigano,1,11072,233,42,63,55,34,41,66,34,32,47,43,40,44,33,47,39,61,65,97,142,157,164,91,84,91,135,249,147,170,166,186,202,162,116,74,74,66,178,127,184,212,116,105,58,64,173,196,172,102,103,74,75,66,78,76,63,42,43,64,50,62,66,61,44,54,45,48,43,28,36,31,30,35,39,34,31,25,22,41,38,26,37,53,34,37,30,31,28,32,43,41,38,45,49,38,39,44,26,18,14,33,39,34,48,35,52,46,41,43,45,47,59,97,44,45,30,39,42,27,29,32,28,24,32,29,37,37,27,29,213,351,210,202,184,158,318,222,209,182,144
ahkimn/subwaybuilder-jp-maps,subwaybuilder-jp-maps,ahkimn,Yukina-,https://subwaybuildermodded.com/credits,30,9896,419,72,58,55,164,90,27,44,43,23,45,21,62,64,70,79,96,102,138,251,125,194,103,88,105,167,153,139,198,178,155,145,181,139,77,93,58,144,64,186,143,77,151,98,104,68,67,70,151,79,17,58,57,50,59,46,41,32,36,17,19,47,50,32,22,16,40,49,23,36,54,35,11,14,14,34,13,13,16,16,9,23,16,15,9,18,31,26,37,57,15,17,20,4,74,30,60,6,34,41,22,48,19,24,10,13,14,24,21,38,24,10,64,16,10,10,12,22,8,39,19,6,10,2,52,129,43,44,35,51,124,58,187,268,227,230,108,160,291,272
ahkimn/subwaybuilder-eu-maps,subwaybuilder-eu-maps,ahkimn,Yukina-,https://subwaybuildermodded.com/credits,52,9395,0,0,0,0,0,0,0,0,0,0,0,0,0,0,0,0,0,0,0,0,0,0,0,0,0,0,0,0,0,0,0,0,0,0,0,0,0,0,0,0,0,0,0,0,0,0,91,114,62,37,45,51,41,103,80,63,72,63,83,55,50,48,43,99,111,154,64,83,75,194,204,119,99,89,78,68,36,17,19,29,45,27,29,122,104,74,53,85,62,75,45,35,48,60,120,68,64,48,65,99,120,69,59,74,56,56,24,28,58,61,94,42,30,28,16,89,82,60,68,89,208,358,280,135,216,140,86,156,164,194,287,202,355,216,156,221,136,208,263,244
devenperez/subway-builder-canadian-maps,subway-builder-canadian-maps,devenperez,devenperez,https://github.com/devenperez,8,8511,1278,54,56,0,139,11,26,54,46,46,62,43,63,53,70,41,39,49,44,123,91,98,74,52,52,69,70,107,145,144,108,106,134,79,66,75,46,38,46,44,46,72,33,41,36,51,53,60,52,44,29,30,39,47,57,29,31,26,46,67,40,42,22,29,36,32,45,27,21,23,35,34,21,52,23,30,35,27,47,22,29,34,35,13,23,32,22,25,35,35,30,33,24,38,38,23,56,22,17,19,46,37,14,30,14,44,22,31,49,38,32,31,54,29,12,20,14,25,14,28,19,24,7,7,6,9,13,11,17,24,43,9,22,14,302,473,301,227,200,143
kimth9/sb_korean_map_pack,sb_korean_map_pack,kimth9,kimth9,https://github.com/kimth9,19,7471,0,0,0,0,0,0,0,0,0,0,0,0,0,0,0,0,0,0,0,0,0,0,0,0,0,0,0,0,0,0,0,0,0,401,345,298,200,144,187,139,166,169,64,117,119,180,126,172,113,109,36,86,136,101,88,84,64,87,104,111,68,34,66,81,79,95,49,28,47,59,31,50,73,65,138,66,37,49,80,63,33,78,61,55,38,34,11,37,37,78,24,16,38,30,95,22,76,38,19,24,30,16,50,11,20,41,51,41,34,47,37,16,26,26,26,26,17,32,31,41,31,21,42,39,33,49,18,44,25,45,60,65,24,30,55,43,30,72,45,33
crumpetime/subway_builder_distance_circles,subway_builder_distance_circles,crumpetime,muffintime,https://github.com/crumpetime,1,5582,0,0,0,6,34,20,27,16,12,25,30,30,30,15,24,20,19,23,39,55,39,36,22,24,35,38,39,27,33,27,26,30,61,29,17,22,26,22,28,28,42,22,24,18,18,30,61,62,33,38,21,25,24,39,23,18,16,23,17,24,26,31,26,31,28,17,16,22,14,15,16,17,14,15,15,22,17,13,18,13,22,17,33,15,17,11,16,15,19,29,18,23,22,25,16,25,22,19,10,19,19,30,122,123,53,83,76,58,59,57,58,74,79,62,51,40,33,44,43,33,39,39,22,34,35,35,26,31,30,85,119,86,178,176,132,257,210,174,175,111
kronifer/sb-chinese-maps,sb-chinese-maps,Kronifer,Kronifer,https://github.com/Kronifer,5,4167,0,0,0,0,0,0,0,0,0,0,0,0,0,0,0,0,0,0,0,0,0,0,0,0,0,0,0,0,0,0,0,0,0,0,0,0,0,0,0,0,0,0,0,0,0,0,10,40,24,14,59,83,56,35,24,44,28,17,24,22,63,38,47,43,36,38,16,19,29,21,12,23,11,18,19,11,15,6,14,22,46,49,95,94,75,42,43,29,46,52,37,21,39,19,33,24,32,5,13,11,20,13,15,23,19,23,11,26,18,16,27,9,42,26,60,64,30,44,55,192,166,72,113,84,43,81,60,78,76,77,93,89,84,47,64,85,37,76,111,112
martig7/improved-schematics,Improved-Schematics,martig7,martig7,https://github.com/martig7,1,4054,0,0,0,0,0,0,0,0,0,0,0,0,0,0,0,0,0,0,0,0,0,0,0,0,0,0,0,0,0,0,0,0,0,0,0,0,0,0,0,0,0,0,0,0,0,0,0,0,0,0,0,0,0,0,0,0,0,0,0,0,0,0,0,0,0,0,0,0,0,0,0,0,0,0,0,0,0,0,0,0,0,0,0,0,0,0,0,0,0,0,0,0,0,0,0,0,44,140,102,112,116,56,38,57,26,28,35,27,82,83,58,79,65,49,62,64,56,74,51,157,125,77,73,60,62,170,128,83,94,142,170,102,114,91,78,80,224,222,178,120
maximilian284/subwaybuilder-it-maps,subwaybuilder-it-maps,Maximilian284,max02,https://github.com/Maximilian284,14,3927,57,18,7,25,20,3,0,195,29,7,18,4,16,14,25,63,37,19,32,83,58,109,19,34,33,38,36,33,91,48,62,38,73,41,44,52,24,14,21,30,13,13,20,17,8,14,29,33,30,16,26,21,35,22,29,13,13,11,27,11,28,17,9,23,32,5,13,10,15,28,12,9,10,19,13,20,11,13,8,8,7,10,22,10,8,18,8,9,13,20,16,7,9,4,34,8,15,11,10,7,8,26,8,14,10,20,9,8,11,17,32,11,25,10,7,6,11,25,1,6,9,15,2,5,7,2,1,3,1,5,241,140,152,96,96,78,53,80,101,55
ahkimn/subwaybuilder-regions,subwaybuilder-regions,ahkimn,Yukina-,https://subwaybuildermodded.com/credits,1,3893,103,20,24,16,12,13,16,7,15,18,14,17,13,10,22,12,16,18,17,35,22,26,18,19,21,91,83,64,46,26,36,35,48,25,17,24,20,22,14,14,26,19,13,13,6,20,37,98,65,40,33,34,36,45,37,27,20,24,16,23,27,20,27,17,25,24,22,19,14,17,13,12,16,13,18,45,55,49,46,26,33,27,30,21,28,19,22,24,31,34,18,23,36,22,26,24,26,13,11,14,17,19,15,27,15,16,25,10,21,16,15,21,42,19,15,18,13,23,14,12,23,15,9,8,14,23,20,14,12,40,54,37,54,31,106,103,74,65,64,46
ryandicicco/subway-builder-maps,Subway-Builder-Maps,ryandicicco,ryandicicco,https://github.com/ryandicicco,7,3488,63,8,23,25,24,6,6,7,7,13,11,1,16,5,31,16,22,21,29,75,34,65,32,21,28,27,27,26,73,35,51,97,91,49,27,45,23,24,21,25,22,21,20,37,37,30,39,38,20,25,25,17,17,30,28,22,15,20,10,23,19,15,11,10,8,27,26,24,15,25,15,10,8,10,14,16,10,6,18,17,22,13,18,10,3,12,15,14,11,16,11,10,12,7,19,8,13,7,10,9,12,13,8,8,10,20,8,9,2,22,22,7,19,7,5,6,4,9,11,3,10,6,5,2,7,9,1,7,103,153,149,65,95,53,87,56,63,56,50,36
valdotorium/railyard-maps-2,Railyard-Maps-2,Valdotorium,Valdotorium,https://github.com/Valdotorium,4,3366,0,0,0,0,0,0,24,26,31,21,25,14,19,16,20,28,39,34,43,89,51,69,34,30,43,51,37,36,102,44,57,65,81,54,32,52,29,37,29,33,41,23,25,18,20,50,45,46,38,28,20,17,31,34,26,32,22,20,22,19,24,23,21,21,32,16,22,22,13,28,21,14,8,17,14,15,15,21,13,17,13,22,11,15,10,12,22,13,13,16,20,13,10,14,15,15,22,9,17,14,11,18,11,14,8,15,10,11,13,32,13,8,27,9,6,7,3,17,9,3,11,8,8,3,11,9,6,1,2,17,11,11,12,11,12,13,99,92,85,54
barkuperman/transit-overlay-subway-builder-mod,transit-overlay-subway-builder-mod,BarKuperman,BarKuperman,https://github.com/BarKuperman,1,3357,88,13,28,17,14,7,18,6,13,25,24,10,11,11,14,8,14,14,14,35,23,18,21,19,21,27,15,15,27,15,12,50,99,59,45,37,39,38,26,31,41,22,18,14,20,23,35,42,24,24,14,20,14,21,28,11,10,15,11,23,19,22,18,13,16,10,15,14,15,12,7,11,14,7,13,17,12,16,19,13,10,11,14,9,13,9,13,8,12,13,10,9,12,11,10,13,15,5,6,9,13,12,8,18,8,10,10,12,5,13,10,27,26,18,20,24,9,20,16,21,14,42,77,50,50,49,30,58,75,101,115,79,74,56,43,36,41,53,43,25
maximilian284/subwaybuilder-es-maps,subwaybuilder-es-maps,Maximilian284,max02,https://github.com/Maximilian284,5,3312,0,0,0,0,0,0,0,0,0,0,0,0,0,0,0,0,0,0,0,0,0,137,90,64,76,57,33,14,95,74,109,92,170,105,54,58,74,45,22,43,30,18,18,24,18,21,45,43,33,22,20,21,20,29,22,8,18,16,29,23,19,13,9,18,24,13,16,13,14,18,15,17,12,20,9,15,9,8,12,9,22,15,19,12,9,11,13,5,6,26,21,16,23,12,14,10,23,11,6,11,12,15,9,9,10,13,24,18,14,27,22,11,18,14,6,11,7,10,2,6,13,11,4,3,9,2,1,9,4,9,15,3,5,6,1,0,34,236,120,111
jelegend/subwaybuilder,subwaybuilder,jelegend,jelegend,https://github.com/jelegend,1,3180,0,0,0,0,0,0,0,0,0,0,0,0,0,0,0,0,0,0,0,0,0,0,0,0,0,0,0,0,0,0,59,51,43,38,26,61,51,131,116,71,104,65,36,31,38,32,32,40,31,18,13,33,18,29,18,18,21,22,13,18,21,17,18,12,14,11,10,8,17,13,6,16,6,10,13,5,8,15,8,12,11,10,15,11,8,5,9,11,15,18,18,8,12,14,7,13,13,3,10,7,12,14,5,14,11,10,10,11,14,24,43,56,35,23,10,14,34,115,77,57,55,46,38,28,37,33,32,25,20,60,91,56,80,48,43,31,33,42,36,22
bobby-047/some-new-trains,Some-new-Trains,Bobby-047,Bobby-047,https://github.com/Bobby-047,1,2991,0,0,0,0,0,0,0,0,0,0,0,0,0,0,0,0,0,0,0,0,0,0,0,15,54,53,0,0,28,66,62,44,49,33,24,25,26,28,35,31,38,27,22,20,25,28,55,36,21,28,21,25,21,27,27,42,73,59,57,58,43,47,41,40,28,27,26,33,24,20,16,15,21,21,32,15,15,19,15,18,13,15,30,14,15,16,20,14,19,23,17,20,18,21,23,26,24,11,8,18,14,14,11,17,7,17,26,16,16,15,20,23,38,17,14,24,14,17,12,15,12,14,13,11,10,10,10,10,18,25,67,42,45,30,26,21,22,38,35,21
ahkimn/subwaybuilder-tw-maps,subwaybuilder-tw-maps,ahkimn,Yukina-,https://subwaybuildermodded.com/credits,6,2597,0,0,0,0,0,0,0,0,0,0,0,0,0,0,0,0,0,0,0,0,0,0,0,0,0,0,0,0,0,0,0,0,0,0,0,0,0,0,0,0,0,0,0,0,0,0,0,0,0,0,0,0,0,0,0,0,0,0,0,0,0,0,0,0,0,0,0,0,0,0,0,0,0,0,60,88,105,57,84,24,35,52,22,144,133,135,73,47,54,37,42,31,41,45,35,21,34,12,15,16,16,10,14,30,25,15,7,20,16,8,11,7,18,14,6,3,14,7,3,3,5,7,3,8,9,11,2,125,78,84,114,54,78,44,42,66,47,29,69,33
valdotorium/valdotoriums_trains,Valdotoriums_Trains,Valdotorium,Valdotorium,https://github.com/Valdotorium,1,2462,0,0,0,0,2,16,19,13,7,29,24,23,35,37,45,30,0,0,2,80,83,21,0,0,0,0,42,8,61,42,49,40,45,31,24,25,19,15,23,27,21,9,21,12,14,16,34,27,23,13,14,21,24,27,26,16,19,11,18,16,19,14,17,9,13,10,9,8,9,12,7,10,8,8,16,12,10,8,8,7,9,12,16,10,9,3,12,9,13,7,8,8,5,7,5,4,14,3,5,5,8,7,6,12,8,7,10,10,8,8,4,20,24,9,11,9,4,8,8,16,8,6,5,5,9,5,12,9,7,12,29,15,19,42,42,119,66,66,66,46
crumpetime/sb-maps-hkg,sb-maps-hkg,crumpetime,muffintime,https://github.com/crumpetime,1,2430,74,9,24,21,7,3,4,10,8,9,19,15,12,7,11,12,21,11,19,26,20,19,17,18,18,20,23,10,39,23,22,27,37,22,16,21,13,9,20,12,9,11,12,9,11,10,19,19,9,13,8,11,11,10,8,9,7,12,16,8,10,8,6,4,10,5,4,10,4,12,4,3,4,6,11,5,6,2,7,4,7,12,8,3,7,10,5,8,6,13,7,4,6,12,4,6,10,5,4,6,50,66,81,75,43,46,28,29,28,32,18,16,24,14,7,14,9,9,8,5,10,11,4,1,6,12,2,2,2,10,15,87,80,59,86,50,30,59,51,33
gio1112/subway-builder-citymapper,subway-builder-citymapper,Gio1112,giorgiodabest,https://giorgio.is-a.dev/,1,2406,0,0,0,0,0,10,18,16,8,21,31,27,24,34,19,33,45,2,0,2,0,0,0,0,0,0,0,0,3,10,79,79,60,45,26,25,16,20,22,16,25,16,13,6,9,16,54,62,39,34,25,26,30,31,26,23,13,16,19,17,16,17,14,15,10,14,8,12,10,10,8,12,8,8,20,8,7,12,11,10,7,13,11,6,9,8,12,4,13,10,11,5,11,14,8,6,3,2,6,2,9,13,55,48,27,35,22,13,23,18,13,36,41,23,17,15,18,26,19,27,19,16,6,10,6,16,9,15,11,29,35,25,23,15,20,12,11,24,9,15
nzh0172/sb-station-dots,sb-station-dots,nzh0172,naz,https://github.com/nzh0172,1,2398,0,0,0,0,0,0,0,0,0,0,0,0,0,0,0,0,0,0,0,0,0,0,8,12,10,22,26,24,28,23,22,25,29,18,18,12,10,6,4,9,16,10,7,7,6,18,23,23,14,11,10,8,12,10,10,4,15,9,6,13,15,38,48,33,36,18,17,25,13,13,19,17,14,9,14,11,20,7,15,11,15,15,21,4,12,6,8,7,8,16,9,10,10,15,10,18,6,1,4,4,14,9,6,9,6,7,17,9,15,7,8,11,21,8,7,7,8,13,20,78,75,63,49,40,41,41,36,37,22,68,106,60,60,49,46,42,40,58,39,16
danield1909/dantrains,danTrains,DanielD1909,DanielD1909,https://github.com/DanielD1909,1,2249,0,0,0,9,27,23,29,35,31,30,24,28,25,18,22,31,56,31,38,50,47,38,19,34,14,34,39,17,29,55,58,45,47,79,36,36,24,27,27,29,31,25,17,14,14,13,36,26,22,26,14,17,16,16,22,17,16,9,5,7,8,18,13,11,7,8,9,14,13,8,6,4,7,6,9,7,10,6,6,8,10,6,22,7,7,6,8,4,5,7,6,11,7,3,2,8,6,6,3,4,4,6,5,6,5,5,12,4,4,5,9,13,11,3,7,11,4,8,10,8,2,4,6,5,7,9,6,10,12,14,24,11,14,12,8,8,8,11,11,7
hsullivan1201/sb-tod,sb-tod,hsullivan1201,hsullivan1201,https://github.com/hsullivan1201,1,2189,0,0,0,0,0,0,0,0,0,0,0,0,0,0,0,0,0,0,0,0,0,0,0,0,0,0,0,0,0,0,0,0,0,0,0,0,0,0,0,0,0,0,0,0,0,0,0,0,0,0,0,0,0,0,0,0,0,0,0,0,0,0,0,0,0,0,0,0,0,0,0,0,19,55,55,84,133,72,110,93,89,74,58,44,44,29,57,41,37,49,41,33,21,35,20,25,34,36,19,16,24,23,25,16,22,22,13,26,23,23,16,33,55,11,24,15,13,24,12,12,8,13,9,10,8,13,20,14,14,28,41,29,22,16,15,17,13,14,15,15
martig7/induced-demand,Induced-Demand,martig7,martig7,https://github.com/martig7,1,2157,0,0,0,0,0,0,0,0,0,0,0,0,0,0,0,0,0,0,0,0,0,0,0,0,0,0,0,0,0,0,0,0,0,0,0,0,0,0,0,0,0,0,0,0,0,0,0,0,0,0,0,0,0,0,0,0,0,0,0,0,0,0,0,0,0,0,0,0,0,0,0,0,0,0,0,0,0,0,0,0,0,0,0,0,0,0,0,0,0,0,0,0,0,0,0,0,0,0,0,0,0,0,0,0,0,0,0,0,0,0,0,0,0,56,67,49,66,64,35,39,106,51,54,47,110,87,56,44,43,175,164,90,98,76,60,170,104,97,85,64
valdotorium/network-status,network-status,Valdotorium,Valdotorium,https://github.com/Valdotorium,1,2101,0,0,0,0,0,0,0,0,0,0,0,0,0,0,0,0,0,0,0,0,0,0,0,0,0,40,7,0,68,34,36,32,39,32,27,26,22,18,25,27,26,18,19,11,15,20,30,29,19,19,12,19,16,16,14,19,14,15,10,25,16,13,15,7,16,5,6,14,11,7,8,12,6,8,14,11,9,8,17,13,10,12,17,10,16,7,10,7,8,18,11,8,19,16,10,16,9,5,3,5,15,9,7,12,5,13,9,11,18,10,11,20,31,9,16,18,10,13,10,13,9,9,6,6,16,11,11,10,8,24,43,29,25,26,28,126,65,66,53,38
nzh0172/sb-anymoney,sb-anymoney,nzh0172,naz,https://github.com/nzh0172,1,2045,0,0,0,0,0,0,0,0,1,11,12,4,15,15,11,17,33,29,30,35,45,21,27,19,17,28,19,18,31,12,20,17,30,19,17,13,13,11,18,11,14,8,10,5,10,17,35,29,15,13,12,13,21,24,27,14,12,13,11,14,23,18,19,15,13,8,8,16,13,6,9,5,9,5,10,9,11,10,10,8,10,7,13,7,9,8,10,9,6,11,10,14,18,9,11,16,13,9,8,7,12,3,7,9,5,7,8,10,9,13,16,26,32,19,19,15,14,20,9,11,17,13,5,8,17,11,10,10,11,29,44,37,36,24,25,23,24,32,22,17
seanyushoumori/track-visualizer,track-visualizer,seanyushoumori,seanyushoumori,https://github.com/seanyushoumori,1,2011,0,0,0,0,0,0,0,0,0,0,0,0,0,0,0,0,0,0,0,0,0,0,0,0,0,0,0,0,0,0,0,0,0,0,0,0,0,0,0,0,0,0,0,0,0,0,0,0,0,0,0,0,0,0,0,0,0,0,0,0,0,0,0,0,0,0,0,0,0,0,0,0,0,0,0,0,0,0,0,0,0,0,0,25,62,35,70,45,49,48,40,29,31,19,62,49,54,40,31,37,40,20,19,24,15,16,21,22,25,21,18,32,43,21,24,20,16,25,77,70,48,48,32,21,34,28,20,29,21,46,71,44,56,48,41,28,26,29,28,18
kronifer/sb-zurich-map,sb-zurich-map,Kronifer,Kronifer,https://github.com/Kronifer,1,1864,102,9,9,9,5,5,4,7,5,0,11,7,8,4,7,14,15,11,17,26,23,21,15,12,6,15,13,19,32,21,13,20,29,19,11,23,16,11,12,15,12,6,17,11,12,15,17,18,9,10,7,7,15,9,8,6,7,9,15,5,13,11,9,8,8,6,6,8,9,7,8,9,4,1,14,8,2,3,5,7,11,7,8,3,7,2,12,4,5,8,4,3,8,4,5,8,5,9,6,5,4,6,4,4,3,8,5,6,9,16,4,7,10,5,2,4,1,5,4,6,102,45,36,33,38,27,21,25,20,24,48,26,30,39,23,22,17,21,26,22
valdotorium/speed-mod,speed-mod,Valdotorium,Valdotorium,https://github.com/Valdotorium,1,1688,0,0,0,0,0,0,0,0,0,0,0,0,0,0,0,0,0,0,0,0,0,0,0,0,0,0,0,0,0,0,0,0,12,30,20,27,21,17,26,26,22,11,12,15,8,17,23,22,16,13,16,14,9,11,11,8,12,15,12,10,16,11,13,13,11,6,5,8,12,8,1,8,9,5,9,7,10,8,13,11,9,10,14,9,9,5,3,7,8,7,8,12,8,14,12,17,8,8,4,8,8,9,7,14,7,9,12,13,10,8,5,14,28,12,8,8,10,18,10,9,8,8,7,7,11,9,7,4,11,25,41,26,29,20,86,104,69,75,68,34
mpfk/subway-builder-mode-manager,subway-builder-mode-manager,Mpfk,Mpfk,https://github.com/Mpfk,1,1500,0,0,0,0,0,0,0,0,0,0,0,0,0,0,0,0,0,0,0,0,0,0,0,0,0,0,0,0,0,0,0,0,0,0,0,0,0,0,0,0,0,0,0,0,0,0,0,0,0,0,0,0,0,0,0,0,0,0,0,0,0,0,4,37,26,45,26,34,26,75,56,28,22,29,28,38,26,10,25,23,16,34,23,14,21,10,22,20,17,22,23,20,21,16,14,15,17,12,19,11,12,15,10,14,12,9,14,22,8,14,12,21,37,7,14,13,6,13,11,15,9,17,8,2,5,11,15,11,10,19,41,19,27,18,19,8,7,22,17,11
seanyushoumori/track-anarchy,track-anarchy,seanyushoumori,seanyushoumori,https://github.com/seanyushoumori,1,1270,0,0,0,0,0,0,0,0,0,0,0,0,0,0,0,0,0,0,0,0,0,0,0,0,0,0,0,0,0,0,0,0,0,0,0,0,0,0,0,0,0,0,0,0,0,0,0,0,0,0,0,0,0,0,0,0,0,0,0,0,0,0,0,0,0,0,0,0,0,0,0,0,0,0,0,0,0,0,0,0,0,0,0,0,0,0,0,0,6,16,25,17,26,22,11,37,26,14,17,16,11,8,15,14,19,9,5,3,10,8,9,21,19,19,23,9,7,17,39,37,34,27,23,11,13,21,12,21,18,80,58,83,85,54,36,47,27,35,32,18
barkuperman/orbital-surveyor,orbital-surveyor,BarKuperman,BarKuperman,https://github.com/BarKuperman,1,1184,0,0,0,0,0,0,0,0,0,0,0,0,0,0,0,0,0,0,0,0,0,0,0,0,0,0,0,0,0,0,0,0,0,0,0,0,0,0,0,0,0,0,0,0,0,0,0,0,0,0,0,0,0,0,0,0,0,0,0,0,0,0,0,0,0,0,0,0,0,0,0,0,0,0,0,0,0,0,0,0,0,0,0,0,0,0,0,7,26,41,23,28,20,19,16,20,17,10,7,14,19,16,7,9,8,4,10,6,4,7,13,29,59,37,15,27,15,19,18,16,20,10,13,6,14,10,9,12,35,55,68,45,68,37,25,35,34,34,27,41
seanyushoumori/scrollable-dropdowns,scrollable-dropdowns,seanyushoumori,seanyushoumori,https://github.com/seanyushoumori,1,1177,0,0,0,0,0,0,0,0,0,0,0,0,0,0,0,0,0,0,0,0,0,0,0,0,0,0,0,0,0,0,0,0,0,0,0,0,0,0,0,0,0,0,0,0,0,0,0,0,0,0,0,0,0,0,0,0,0,0,0,0,0,0,0,0,0,0,0,0,0,0,0,0,0,0,0,0,0,0,0,0,0,0,0,0,0,0,0,0,0,0,0,0,0,0,0,0,0,0,0,0,0,39,36,34,41,43,38,37,24,18,14,35,32,24,15,17,18,19,58,54,33,27,24,12,13,21,25,22,29,43,64,38,31,42,36,32,28,28,23,10
willbarouch/subwaybuilder-sydney,subwaybuilder-sydney,WillBarouch,WillBarouch,https://github.com/WillBarouch,1,1095,0,0,0,0,0,0,0,0,0,0,0,5,21,11,10,20,21,20,17,30,15,18,21,13,8,18,13,11,39,18,20,28,29,16,13,19,7,10,12,20,15,13,9,6,8,7,13,13,5,13,4,3,16,10,11,7,11,6,13,8,5,8,12,9,4,5,6,5,13,9,3,4,1,17,3,3,2,5,8,9,13,5,6,4,7,5,6,7,3,6,5,2,5,8,4,5,6,3,8,3,9,7,11,10,5,9,6,6,7,8,5,3,11,4,1,7,3,6,2,2,2,1,1,0,2,1,0,1,1,3,1,2,7,1,5,1,1,2,4,1
kronifer/sb-glasgow-edinburgh-map,sb-glasgow-edinburgh-map,Kronifer,Kronifer,https://github.com/Kronifer,1,991,0,0,0,0,0,0,0,0,0,0,0,0,0,0,0,1,63,38,38,21,29,20,8,21,14,17,12,11,32,20,15,15,29,19,23,19,13,5,10,9,8,7,5,8,7,12,9,20,4,5,7,8,11,10,9,6,6,11,6,10,12,3,5,7,9,3,9,4,13,1,6,9,2,10,1,6,4,3,3,8,2,4,6,6,7,6,4,6,2,4,4,5,5,8,4,3,8,4,8,2,6,8,5,3,2,10,2,3,4,9,5,2,5,1,0,4,3,4,2,4,3,2,0,0,4,1,0,2,1,1,2,1,0,1,0,0,0,0,1,3
rslurry/subwaybuilder-missedconnections,subwaybuilder-missedConnections,rslurry,slurry,https://github.com/rslurry,1,854,0,0,0,0,0,0,0,0,0,0,0,0,0,0,0,0,0,0,0,0,0,0,0,0,0,0,0,0,0,0,0,0,0,0,0,0,0,0,0,0,0,0,0,0,0,0,0,0,0,0,0,0,0,0,0,0,0,0,0,0,0,0,0,0,0,0,0,0,0,0,0,0,0,0,0,0,0,0,0,0,0,0,0,0,0,0,0,0,0,0,0,0,0,0,0,0,0,0,0,0,0,0,0,0,0,0,0,0,0,0,0,0,0,0,0,0,0,0,0,0,0,0,0,0,0,0,0,0,0,124,197,111,93,63,51,53,31,49,43,39
kaicardenas0618/lrt-trains,lrt-trains,kaicardenas0618,kaicardenas0618,https://github.com/kaicardenas0618,1,832,0,0,0,0,0,0,0,0,0,0,0,0,0,0,0,0,0,0,0,0,0,0,0,0,0,0,0,0,0,0,0,0,0,0,0,0,0,0,0,0,0,0,0,0,0,0,0,0,0,0,0,0,0,0,0,0,0,0,0,0,0,0,0,0,0,0,0,0,0,0,0,0,0,0,0,0,0,0,0,0,0,0,0,0,20,23,28,11,12,15,14,15,9,11,11,9,13,8,3,6,10,26,20,16,13,19,18,9,14,9,11,16,15,10,9,12,11,11,8,10,13,5,3,5,8,29,36,22,23,32,42,30,22,17,15,12,18,10,13,2
pswbsf/charleston-huntington-wv,charleston-huntington-wv,PSWBSF,Potato Spaghetti Water Balloon Space Federation,https://youtu.be/dQw4w9WgXcQ?t=0,1,782,0,0,0,0,0,0,0,0,0,0,0,0,0,0,0,0,0,0,0,0,0,0,0,0,0,0,0,1,0,2,2,0,0,15,13,6,6,7,3,5,8,16,5,9,10,9,12,9,5,8,14,5,13,17,4,0,13,5,6,4,12,10,8,10,14,15,13,13,7,13,10,11,7,18,9,10,14,5,6,9,10,9,7,7,15,11,6,10,11,16,7,10,5,9,13,11,11,16,6,14,10,8,8,8,8,5,3,8,5,7,7,3,5,2,2,1,0,3,0,1,1,0,2,1,2,5,2,4,3,0,2,3,2,2,3,2,0,3,1,0
imb11/move-it,move-it,IMB11,IMB11,https://github.com/IMB11,1,775,0,0,0,0,0,0,0,0,0,0,0,0,0,0,0,0,0,0,0,0,0,0,0,0,0,0,0,0,0,0,0,0,0,0,0,0,0,0,0,0,0,0,0,0,0,0,0,0,0,0,0,0,0,0,0,0,0,0,0,0,0,0,0,0,0,0,0,0,0,0,0,0,0,0,0,0,0,0,0,0,0,0,0,0,0,0,0,0,0,0,0,0,0,0,0,0,0,0,0,0,0,0,0,0,0,0,0,0,0,0,0,0,0,0,0,0,0,0,0,0,0,0,0,0,0,0,0,0,0,0,93,122,106,69,55,63,29,46,57,135
bquelhas/subwaybuilder-map-opo,subwaybuilder-map-opo,bquelhas,bquelhas,https://github.com/bquelhas,1,737,0,0,0,0,0,0,0,0,0,0,0,0,0,0,0,0,0,0,0,0,0,0,0,0,0,0,0,0,0,0,0,0,0,0,0,0,0,0,0,0,0,0,0,0,0,0,0,0,0,0,0,0,0,0,0,0,0,0,0,0,0,0,0,0,0,0,0,0,0,0,0,0,0,0,0,0,0,0,0,0,0,48,37,17,10,8,8,6,4,6,7,4,7,6,2,1,3,2,3,2,1,8,6,7,1,3,4,5,7,7,4,3,3,3,1,1,0,3,13,35,63,81,41,28,24,16,18,19,11,20,14,26,11,11,8,7,6,13,18,6
transitcore/satellite-overview,Satellite-Overview,TransitCore,TransitCore,https://github.com/TransitCore,1,692,0,0,0,0,0,0,0,0,0,0,0,0,0,0,0,0,0,0,0,0,0,0,0,0,0,0,0,0,0,0,0,0,0,0,0,0,0,0,0,0,0,0,0,0,0,0,0,0,0,0,0,0,0,0,0,0,0,0,0,0,0,17,20,21,19,24,16,11,19,22,11,14,14,11,12,13,11,11,17,11,7,8,8,8,11,10,10,8,10,13,7,8,10,8,6,9,12,7,2,6,5,3,2,5,4,4,3,2,6,4,5,5,10,5,1,7,2,3,3,2,4,2,1,3,2,3,2,5,2,13,24,16,13,7,12,6,6,10,11,7
barkuperman/tlv-mod,TLV-mod,BarKuperman,BarKuperman,https://github.com/BarKuperman,1,634,43,3,6,7,1,0,2,3,4,0,5,2,6,0,6,5,3,1,2,13,3,8,4,2,4,5,5,1,8,6,3,6,16,3,2,4,1,1,2,3,4,2,1,4,1,1,2,2,1,4,1,2,3,3,1,1,2,2,2,4,3,2,4,3,3,1,2,6,1,5,1,1,1,4,1,4,1,1,2,2,2,1,2,0,3,3,1,3,0,2,7,1,1,2,2,0,3,3,0,0,3,1,0,3,1,2,0,3,0,3,3,13,46,22,16,21,15,14,14,6,8,3,3,4,6,4,6,4,6,4,19,4,12,6,8,6,2,8,4,5
nerdiesanders/subway-builder-gchi,subway-builder-gchi,NerdieSanders,NerdieSanders,https://github.com/NerdieSanders,1,621,0,0,0,0,0,0,0,0,0,0,0,0,0,0,0,0,0,0,0,0,0,0,0,0,0,0,0,0,0,0,0,0,0,0,0,0,0,0,0,0,0,0,0,0,0,0,0,0,0,0,0,0,0,0,0,0,0,0,0,0,0,0,0,0,0,0,0,0,0,0,0,0,0,0,0,0,0,0,0,0,0,0,0,0,0,0,0,0,0,0,0,0,0,0,0,0,0,0,0,0,0,0,0,0,0,0,0,2,24,23,20,7,42,47,41,26,13,18,57,45,34,20,17,12,7,16,8,13,9,4,12,9,10,13,10,10,12,9,15,16
pierreggt/subway-builder-paris,subway-builder-paris,pierreggt,pierreggt,https://github.com/pierreggt,1,601,0,0,0,0,0,0,0,0,0,0,0,0,0,0,0,0,0,0,0,0,0,0,0,0,0,0,0,0,0,0,0,0,0,0,0,0,0,0,0,0,0,0,0,0,0,0,0,0,0,0,0,0,0,0,0,0,0,0,0,0,0,0,0,0,0,0,0,0,0,0,0,0,0,0,0,0,0,0,0,0,0,0,0,0,0,0,0,0,0,0,0,0,0,0,0,0,0,0,0,0,0,0,0,0,0,0,0,0,0,0,0,0,0,0,0,0,0,0,0,0,0,0,0,0,0,0,0,0,0,0,0,186,100,68,70,40,32,38,34,33
kaicardenas0618/japanese-trains,japanese-trains,kaicardenas0618,kaicardenas0618,https://github.com/kaicardenas0618,1,585,0,0,0,0,0,0,0,0,0,0,0,0,0,0,0,0,0,0,0,0,0,0,0,0,0,0,0,0,0,0,0,0,0,0,0,0,0,0,0,0,0,0,0,0,0,0,0,0,0,0,0,0,0,0,0,0,0,0,0,0,0,0,0,0,0,0,0,0,0,0,0,0,0,0,0,0,0,0,0,0,0,0,0,0,0,0,0,0,0,10,17,3,4,10,8,19,12,7,6,7,7,15,10,8,5,14,15,25,9,9,7,11,18,13,8,10,15,13,11,12,7,10,14,2,1,9,9,6,12,39,37,17,16,18,4,9,10,6,10,11
pendulating/neighborhood-station-names,neighborhood-station-names,pendulating,pendulating,https://github.com/pendulating,1,580,0,0,0,0,0,0,0,0,0,0,0,0,0,0,0,0,0,0,0,0,0,0,0,0,0,0,0,0,0,0,0,0,0,0,0,0,0,0,0,0,0,0,0,0,0,0,0,0,0,0,0,0,0,0,0,0,0,0,0,0,0,0,0,0,0,0,0,0,0,0,0,0,0,0,0,0,0,0,0,0,0,0,0,0,0,0,0,0,0,0,0,0,0,0,0,0,0,0,0,0,0,0,0,0,0,0,0,0,0,0,0,0,0,0,0,0,0,0,0,0,0,0,0,0,0,0,0,0,0,0,0,0,0,0,0,164,140,117,90,69
kronifer/sb-dublin-map,sb-dublin-map,Kronifer,Kronifer,https://github.com/Kronifer,1,564,91,8,14,15,6,2,2,3,7,3,8,6,10,4,7,10,11,11,10,11,20,19,11,9,6,0,0,0,0,0,0,0,0,0,0,0,0,0,0,0,0,0,0,0,0,0,0,0,8,11,3,5,7,7,5,5,9,4,6,10,7,2,3,7,4,1,1,4,5,3,3,3,1,3,1,1,4,0,0,5,2,3,2,1,2,3,4,2,3,4,3,3,3,0,1,2,6,4,3,2,5,6,0,5,1,2,1,5,3,6,4,2,3,0,0,5,0,2,1,0,3,2,1,0,2,0,0,0,1,0,0,0,1,0,0,2,0,1,2,3
transitcore/cinematic-camera,cinematic-camera,TransitCore,TransitCore,https://github.com/TransitCore,1,562,0,0,0,0,0,0,0,0,2,6,4,1,11,15,27,9,21,15,14,28,27,31,34,20,0,1,0,0,7,3,0,0,3,9,11,9,5,5,2,4,2,2,4,3,2,3,6,6,7,6,3,2,6,7,5,1,1,3,2,3,4,4,3,3,3,0,3,0,2,0,2,1,1,0,3,3,1,2,3,3,0,1,2,1,2,2,2,2,2,1,1,5,2,0,2,1,2,2,2,0,1,3,2,2,1,1,6,1,4,0,2,0,1,2,1,4,1,1,3,3,2,1,0,0,2,0,2,2,2,6,4,1,4,3,6,4,2,3,4,4
kaicardenas0618/subway-builder-peru,subway-builder-peru,kaicardenas0618,kaicardenas0618,https://github.com/kaicardenas0618,9,532,0,0,0,0,0,0,0,0,0,0,0,0,0,0,0,0,0,0,0,0,0,0,0,0,0,0,0,0,0,0,0,0,0,0,0,0,0,0,0,0,0,0,0,0,0,0,0,0,0,0,0,0,0,0,0,0,0,0,0,0,0,0,0,0,0,0,0,0,0,0,0,0,0,0,0,0,0,0,0,0,0,0,34,37,54,35,16,14,22,20,13,10,29,10,21,7,14,12,7,5,5,9,2,6,16,6,5,8,3,9,6,8,4,3,3,1,10,1,1,2,7,2,2,1,13,4,4,2,0,1,1,4,3,1,0,1,1,10,6,1
roquerodrigo/subway-builder-map-markers,subway-builder-map-markers,roquerodrigo,roquerodrigo,https://github.com/roquerodrigo,1,516,0,0,0,0,0,0,0,0,0,0,0,0,0,0,0,0,0,0,0,0,0,0,0,0,0,0,0,0,0,0,0,0,0,0,0,0,0,0,0,0,0,0,0,0,0,0,0,0,0,0,0,0,0,0,0,0,0,0,0,0,0,0,0,0,0,0,0,0,0,0,0,0,0,0,0,0,0,0,0,0,0,0,0,0,0,0,0,0,0,0,0,0,0,0,0,0,0,0,0,0,0,0,0,0,0,0,0,0,0,0,0,0,0,0,0,0,0,0,0,0,0,0,0,0,0,0,0,3,28,24,69,72,66,37,21,26,17,24,77,52
crumpetime/sb-maps-las,sb-maps-las,crumpetime,muffintime,https://github.com/crumpetime,1,460,0,0,0,0,0,0,0,0,0,0,0,0,0,7,8,15,7,5,3,7,7,16,6,5,3,6,3,6,15,7,12,10,16,4,11,9,5,4,8,1,4,4,5,3,7,7,3,6,4,4,5,3,5,8,5,2,4,3,2,3,2,2,3,0,4,3,4,3,1,5,6,3,0,4,5,1,0,1,2,3,6,5,0,3,2,3,1,7,2,9,2,4,0,4,0,2,3,4,0,1,4,2,2,5,0,4,3,2,2,3,5,0,4,2,0,0,1,2,0,1,1,3,0,0,0,0,0,2,1,1,1,1,1,1,0,0,0,3,0,0
kaicardenas0618/chinese-trains,chinese-trains,kaicardenas0618,kaicardenas0618,https://github.com/kaicardenas0618,1,446,0,0,0,0,0,0,0,0,0,0,0,0,0,0,0,0,0,0,0,0,0,0,0,0,0,0,0,0,0,0,0,0,0,0,0,0,0,0,0,0,0,0,0,0,0,0,0,0,0,0,0,0,0,0,0,0,0,0,0,0,0,0,6,15,12,10,13,18,9,7,11,8,10,3,5,4,9,5,7,3,7,11,8,8,5,7,2,3,4,4,6,1,4,5,4,4,6,1,2,0,1,9,6,11,6,5,5,3,6,3,4,5,5,3,1,4,3,3,3,2,6,3,0,4,1,3,5,1,2,6,14,13,5,8,10,10,6,5,6,3
roquerodrigo/subway-builder-auto-lines,subway-builder-auto-lines,roquerodrigo,roquerodrigo,https://github.com/roquerodrigo,1,409,0,0,0,0,0,0,0,0,0,0,0,0,0,0,0,0,0,0,0,0,0,0,0,0,0,0,0,0,0,0,0,0,0,0,0,0,0,0,0,0,0,0,0,0,0,0,0,0,0,0,0,0,0,0,0,0,0,0,0,0,0,0,0,0,0,0,0,0,0,0,0,0,0,0,0,0,0,0,0,0,0,0,0,0,0,0,0,0,0,0,0,0,0,0,0,0,0,0,0,0,0,0,0,0,0,0,0,0,0,0,0,0,0,0,0,0,0,0,0,0,0,0,0,0,0,0,0,0,0,0,0,0,109,70,46,47,40,39,29,29
kaicardenas0618/subway-builder-sfl,subway-builder-sfl,kaicardenas0618,kaicardenas0618,https://github.com/kaicardenas0618,1,384,0,0,0,0,0,0,0,0,0,0,0,0,0,0,0,0,0,0,0,0,0,0,0,0,0,12,11,6,7,4,8,6,4,4,0,0,2,0,1,3,1,6,12,19,8,6,12,6,2,3,2,2,3,4,4,5,2,3,2,4,7,3,7,1,0,3,2,3,3,2,0,0,3,2,2,1,1,4,2,0,0,1,3,3,1,1,0,1,0,3,1,2,0,1,1,0,2,0,1,0,0,0,2,3,0,3,0,2,3,2,2,1,2,0,0,1,0,0,0,0,1,1,0,0,1,0,15,21,16,10,14,10,2,9,7,4,8,0,1,2
kimth9/sb_korean_transit_pack_v2,sb_korean_transit_pack_v2,kimth9,kimth9,https://github.com/kimth9,1,377,0,0,0,0,0,0,0,0,0,0,0,0,0,0,0,0,0,0,0,0,0,0,0,0,0,0,0,0,0,0,0,0,0,0,0,0,0,0,0,0,0,4,8,12,21,18,8,14,12,6,5,10,8,6,9,5,4,3,7,6,6,7,3,3,3,4,1,2,5,1,3,0,2,3,2,4,2,1,3,1,2,1,5,2,1,2,1,2,3,4,4,1,2,4,3,2,7,4,3,0,3,1,0,7,1,2,4,3,3,2,3,3,2,1,1,1,2,0,0,1,2,1,1,1,1,1,2,3,1,3,10,6,3,4,4,3,5,4,3,4
lechicken-nyc/greater-new-york,greater-new-york,chasemanning040911-afk,lechicken,https://github.com/chasemanning040911-afk,1,370,0,0,0,0,0,0,0,0,0,0,0,0,0,0,0,0,0,0,0,0,0,0,0,0,0,0,0,0,0,0,0,0,0,0,0,0,0,0,0,0,0,0,0,0,0,0,0,0,0,0,0,0,11,45,28,17,17,20,14,9,12,7,6,4,5,5,8,7,1,5,3,1,1,3,2,4,1,9,4,2,0,3,2,2,1,2,6,1,4,3,3,3,8,7,2,6,4,3,3,2,4,2,4,4,2,2,4,2,1,1,3,0,1,2,0,2,3,2,1,0,1,1,2,1,1,1,0,0,0,1,1,0,0,2,3,0,0,0,0,0
nzh0172/sb-bangkok,sb-bangkok,nzh0172,naz,https://github.com/nzh0172,1,362,0,0,0,0,0,0,0,0,0,0,0,0,0,0,0,0,0,0,0,0,0,0,0,0,0,20,25,14,8,10,7,15,10,7,6,11,6,6,2,5,2,2,1,2,5,3,1,2,5,3,1,3,5,3,4,4,1,4,5,4,5,2,2,0,3,1,1,1,2,4,3,2,2,3,3,1,2,2,1,1,4,2,3,1,1,3,1,3,3,4,1,1,2,0,2,0,4,1,0,0,2,5,3,1,0,3,1,0,3,9,2,2,6,0,1,2,1,3,1,0,1,2,3,1,0,1,0,0,3,1,2,1,1,3,0,0,2,5,1,1
nzh0172/sb-malaysia-map-pack,sb-malaysia-map-pack,nzh0172,naz,https://github.com/nzh0172,1,356,0,0,0,0,0,0,0,0,7,6,5,6,9,1,8,3,6,5,5,5,2,10,5,4,3,8,3,1,15,6,6,6,0,17,3,3,1,6,6,7,4,2,2,2,3,6,3,0,0,3,0,6,3,1,6,3,1,3,4,3,5,1,1,1,2,1,4,0,3,2,2,1,0,3,0,0,0,1,1,1,0,1,0,2,1,1,1,2,0,1,1,1,1,1,0,1,2,2,2,1,3,3,0,2,0,1,0,1,4,4,1,1,9,0,0,1,0,0,1,1,2,1,0,2,1,1,0,1,0,1,6,0,2,4,4,1,2,7,6,0
crumpetime/sb-maps-msn,sb-maps-msn,crumpetime,muffintime,https://github.com/crumpetime,1,319,0,0,0,3,11,9,8,6,7,3,11,10,5,1,7,4,5,5,3,6,5,3,8,3,1,3,3,2,9,2,6,5,6,8,2,4,6,2,4,3,2,1,5,3,3,1,2,3,1,1,1,1,3,4,4,1,0,1,2,2,1,5,4,0,2,1,1,2,0,2,2,0,1,1,3,0,3,1,2,3,0,1,3,0,0,0,0,2,0,3,6,0,1,0,1,1,2,1,1,0,2,2,4,2,0,1,1,0,2,1,1,0,2,0,0,1,0,0,0,1,1,2,0,0,0,0,0,0,2,2,1,0,0,0,1,0,0,3,1,0
soccerjonj/daytonnati,Daytonnati,soccerjonj,soccerjonj,https://github.com/soccerjonj,1,313,0,0,0,0,0,0,0,0,0,0,0,0,0,0,0,0,0,0,0,0,0,0,0,7,5,7,7,4,3,3,5,1,7,12,6,4,2,3,3,2,1,8,6,5,5,1,1,24,3,6,1,0,1,0,0,2,3,5,6,3,3,11,4,4,6,4,1,4,3,4,8,0,2,2,0,5,12,4,1,1,2,1,9,2,3,6,2,3,1,8,3,3,2,0,1,2,0,0,0,2,0,0,2,2,1,0,1,0,1,1,2,0,2,0,0,1,0,5,0,1,1,0,0,0,0,0,0,0,0,0,0,0,0,0,0,0,0,1,1,0
metatablestudios/subwaybuilder-romania,subwaybuilder-romania,metatablestudios,metatablestudios,https://github.com/metatablestudios,1,292,0,0,0,0,0,0,0,0,0,0,0,0,0,0,0,0,0,0,0,0,0,24,18,19,15,16,9,0,12,7,12,0,0,0,0,0,0,0,0,0,0,0,0,0,0,0,0,0,0,0,0,0,0,0,0,0,0,0,0,0,0,0,0,0,0,0,0,0,0,0,0,0,0,0,0,0,0,0,0,0,0,0,0,0,0,0,0,0,0,0,0,0,0,0,0,0,0,0,0,0,0,0,0,0,0,0,0,0,0,16,35,23,10,4,9,7,8,12,2,1,1,2,1,0,5,1,1,2,1,1,0,2,0,6,2,0,1,5,2,0
rexmhall09/subway-builder-performance-mod,Subway-Builder-Performance-Mod,rexmhall09,rexmhall09,https://github.com/rexmhall09,1,262,0,0,0,0,0,0,0,0,0,0,0,0,0,0,0,0,0,0,0,0,0,0,0,0,0,0,0,0,0,0,0,0,0,0,0,0,0,0,0,0,0,0,0,0,0,0,0,0,0,0,0,0,0,0,0,0,0,0,0,0,0,0,0,0,0,0,0,0,0,0,0,0,0,0,0,0,0,0,0,0,0,0,0,0,0,0,0,0,0,0,0,0,0,0,0,0,0,0,0,0,0,0,0,0,0,0,0,0,0,0,0,0,0,0,0,0,0,0,0,0,0,0,0,0,0,0,0,0,0,0,0,0,0,0,0,0,0,84,114,64
danield1909/improvedtwincities,improvedTwinCities,DanielD1909,DanielD1909,https://github.com/DanielD1909,1,253,0,0,0,0,10,8,8,5,5,5,8,7,7,5,4,5,4,2,2,7,4,7,2,1,1,1,3,1,12,6,7,2,7,3,1,2,2,3,1,3,2,1,4,0,0,2,0,3,0,2,1,0,1,4,1,1,2,1,3,1,2,5,1,0,0,2,2,0,1,1,1,0,0,0,0,2,0,5,1,0,0,1,1,0,0,1,1,0,0,2,2,0,1,1,0,2,1,0,0,1,0,0,2,2,0,0,2,0,2,1,2,0,2,1,2,1,0,0,0,0,1,0,0,0,1,1,0,1,0,2,0,0,0,1,1,0,0,1,0,0
worstboyinaustral1a/subway-builder-za,subway-builder-za,worstboyinaustral1a,worstboyinaustral1a,https://github.com/worstboyinaustral1a,1,253,0,0,0,0,0,0,0,0,0,0,0,0,0,0,0,0,0,0,0,0,0,0,0,0,0,0,0,0,0,0,0,0,0,0,0,0,0,0,0,0,0,0,0,0,0,0,0,0,0,0,0,0,0,0,0,0,0,0,0,0,0,0,0,0,0,0,0,0,0,0,0,0,0,0,0,0,0,0,0,0,0,0,0,0,0,0,0,0,0,0,0,0,0,0,0,0,0,0,0,0,0,0,0,0,0,0,0,0,0,0,0,0,0,0,0,0,0,0,0,0,0,28,40,38,15,10,8,9,5,11,11,9,8,4,11,5,19,11,6,5
crumpetime/sb-maps-orf,sb-maps-orf,crumpetime,muffintime,https://github.com/crumpetime,1,239,0,0,2,11,9,4,4,6,3,2,9,6,7,3,4,4,5,0,0,6,5,3,3,4,5,2,3,3,0,0,0,0,0,0,0,0,0,0,0,0,0,0,0,0,0,0,0,0,0,0,0,0,0,0,0,0,0,0,0,0,0,0,0,0,0,0,0,0,0,0,0,0,0,0,0,0,0,0,0,0,0,0,0,1,0,0,0,0,0,1,2,0,1,0,0,0,2,3,0,2,0,3,2,1,0,0,1,2,0,1,2,1,3,0,0,1,0,0,0,0,1,1,0,0,1,0,0,0,0,0,3,1,4,28,20,8,12,13,2,3
barkuperman/jerusalem-sb-map,jerusalem-sb-map,BarKuperman,BarKuperman,https://github.com/BarKuperman,1,232,20,3,4,6,3,2,2,5,2,0,5,2,5,1,4,5,4,1,0,7,1,8,3,1,1,3,3,0,3,6,6,0,17,6,8,2,3,2,0,3,2,0,2,3,1,1,1,2,1,1,3,3,1,2,1,0,1,0,0,3,0,3,0,2,0,0,1,0,0,1,1,0,0,1,0,0,0,0,0,2,2,1,2,0,1,2,0,2,0,1,2,0,0,1,0,2,2,0,0,0,2,1,1,1,0,1,1,0,0,0,1,0,3,0,1,0,1,0,1,0,1,0,0,0,0,1,0,0,0,0,0,1,0,0,0,0,0,1,0,0
danield1909/dantrains-abridged,dantrains-abridged,DanielD1909,DanielD1909,https://github.com/DanielD1909,1,209,0,0,0,0,0,0,0,0,0,0,0,0,0,0,0,0,0,0,0,0,0,0,0,0,0,0,0,0,0,0,0,0,0,0,0,0,0,0,0,0,0,0,0,0,0,0,0,0,0,0,0,0,0,0,0,0,0,0,0,0,0,0,0,0,0,0,0,0,0,0,0,0,0,0,0,0,0,0,0,0,0,0,0,0,0,0,0,0,0,0,0,0,0,0,0,0,0,0,0,0,0,0,0,0,0,0,0,0,0,0,0,0,0,0,0,0,0,0,0,0,0,0,0,0,0,0,0,0,0,0,0,31,40,43,22,28,12,13,12,8
rslurry/subwaybuilder-pauseonstart,subwaybuilder-pauseOnStart,rslurry,slurry,https://github.com/rslurry,1,197,0,0,0,0,0,0,0,0,0,0,0,0,0,0,0,0,0,0,0,0,0,0,0,0,0,0,0,0,0,0,0,0,0,0,0,0,0,0,0,0,0,0,0,0,0,0,0,0,0,0,0,0,0,0,0,0,0,0,0,0,0,0,0,0,0,0,0,0,0,0,0,0,0,0,0,0,0,0,0,0,0,0,0,0,0,0,0,0,0,0,0,0,0,0,0,0,0,0,0,0,0,0,0,0,0,0,0,0,0,0,0,0,0,0,0,0,0,0,0,0,0,11,12,7,9,10,9,6,3,12,22,11,25,19,9,6,3,9,6,8
soccerjonj/providence,Providence,soccerjonj,soccerjonj,https://github.com/soccerjonj,1,196,11,2,3,6,7,1,2,2,3,3,5,5,6,0,6,2,2,2,1,3,2,6,1,1,1,2,4,1,6,3,3,2,5,3,1,0,2,2,2,0,1,0,3,5,0,2,1,5,1,1,1,1,1,2,2,3,1,2,1,2,2,2,2,1,1,0,1,1,2,1,1,0,1,2,2,1,0,0,1,0,0,0,0,0,0,0,0,0,0,3,0,2,0,0,0,0,1,1,0,0,1,0,1,2,0,1,0,0,1,2,1,1,0,0,0,0,0,1,1,0,0,0,0,0,0,0,0,0,0,0,0,0,0,0,0,0,0,2,0,0
soccerjonj/sacramento,Sacramento,soccerjonj,soccerjonj,https://github.com/soccerjonj,1,191,10,3,1,7,1,0,2,4,2,0,4,3,5,1,3,4,3,0,1,4,1,2,6,1,0,3,5,0,4,3,4,4,3,0,0,5,3,0,0,0,2,1,2,0,0,0,1,3,1,0,1,0,1,3,2,1,0,0,1,4,1,3,2,1,1,1,5,1,2,2,0,0,0,0,2,0,0,1,0,1,1,1,0,2,1,1,1,4,2,2,1,2,0,0,1,0,1,1,2,1,2,0,2,1,0,1,0,1,1,2,2,0,2,0,0,0,1,0,1,0,1,0,0,0,0,0,0,1,0,0,0,0,0,0,0,0,0,1,0,0
pswbsf/anchorage-ak,anchorage-ak,PSWBSF,Potato Spaghetti Water Balloon Space Federation,https://youtu.be/dQw4w9WgXcQ?t=0,1,188,0,0,0,0,0,0,0,0,0,0,0,0,0,0,0,0,0,0,0,0,0,0,0,0,7,14,8,1,6,7,11,0,0,0,0,0,0,2,2,7,2,1,3,3,1,1,1,4,2,2,0,0,4,3,3,2,1,3,0,2,0,1,3,0,2,2,1,1,0,3,5,1,1,2,1,1,1,0,2,2,3,0,2,0,0,0,0,3,2,2,1,0,1,1,1,2,1,2,2,2,0,0,3,3,1,2,1,0,3,1,2,2,1,1,0,0,0,2,0,1,0,0,0,0,0,0,0,0,2,1,0,1,0,0,0,0,0,2,1,1
soccerjonj/albany,Albany,soccerjonj,soccerjonj,https://github.com/soccerjonj,1,185,0,0,0,0,0,0,0,6,10,2,10,4,7,2,3,3,4,0,0,2,4,5,2,1,4,3,4,2,3,8,6,5,6,6,0,0,1,3,1,0,2,1,7,1,0,2,0,3,4,1,0,0,1,2,0,1,1,0,2,2,0,1,0,0,0,0,1,3,0,2,1,0,1,1,1,2,0,0,1,0,0,0,1,0,0,0,0,0,1,1,1,0,0,0,2,0,0,1,0,0,1,0,1,1,1,1,1,1,2,1,0,2,1,0,0,1,0,1,0,0,0,0,1,0,0,0,0,0,0,0,0,0,0,0,0,0,0,1,0,0
tathandev/tathancasino,TathanCasino,TathanDev,TathanDev,https://github.com/TathanDev,1,185,0,0,0,0,0,0,0,0,0,0,0,0,0,0,0,0,0,0,0,0,0,0,0,0,0,0,0,0,0,0,0,0,0,0,7,7,6,6,5,5,2,3,1,4,0,5,5,1,3,4,4,2,3,3,5,1,0,3,1,1,1,0,0,2,3,0,2,1,2,0,3,3,1,1,2,1,2,0,3,2,1,1,2,0,1,0,1,0,0,2,1,2,1,0,1,0,3,1,0,1,1,2,1,1,0,1,0,2,4,1,1,1,3,0,1,2,0,1,1,1,1,0,0,2,2,3,1,0,1,2,3,1,2,2,1,2,3,1,0,0
soccerjonj/nashville,Nashville,soccerjonj,soccerjonj,https://github.com/soccerjonj,1,182,8,1,0,0,0,0,5,5,2,0,5,2,6,0,3,4,2,2,2,3,2,4,3,1,0,1,3,0,6,4,6,3,6,1,3,4,4,1,2,1,1,2,2,0,0,0,0,4,0,3,3,0,1,3,1,0,0,1,1,2,3,1,2,1,0,1,1,1,0,3,0,1,1,2,0,0,1,0,1,2,1,2,1,0,0,1,0,1,0,2,1,0,0,0,1,0,0,1,0,1,0,1,0,2,0,0,0,1,1,1,2,0,1,0,0,1,0,0,0,0,1,1,1,0,1,2,1,0,0,0,0,0,0,0,0,2,0,1,0,0
pierreggt/subway-builder-istanbul,subway-builder-istanbul,pierreggt,pierreggt,https://github.com/pierreggt,1,175,0,0,0,0,0,0,0,0,0,0,0,0,0,0,0,0,0,0,0,0,0,0,0,0,0,0,0,0,0,0,0,0,0,0,0,0,0,0,0,0,0,0,0,0,0,0,0,0,0,0,0,0,0,0,0,0,0,0,0,0,0,0,0,0,0,0,0,0,0,0,0,0,0,0,0,0,0,0,0,0,0,0,0,0,0,0,0,0,0,0,0,0,0,0,0,0,0,0,0,0,0,0,0,0,0,0,0,0,0,0,0,0,0,0,0,0,0,0,0,0,0,0,0,0,0,0,0,0,0,0,0,0,55,23,16,19,11,18,17,16
kronifer/sb-waterloo-map,sb-waterloo-map,Kronifer,Kronifer,https://github.com/Kronifer,1,163,33,3,10,6,5,1,3,3,6,2,9,2,9,1,6,7,3,3,2,8,4,11,2,1,6,0,0,0,0,0,0,0,0,0,0,0,0,0,0,0,0,0,0,0,0,0,0,0,0,0,0,0,0,0,0,0,0,0,0,0,0,0,0,0,0,0,0,0,0,0,0,0,0,0,0,0,0,0,0,0,0,0,0,0,0,0,0,0,0,0,0,0,0,0,0,0,0,0,0,0,0,0,0,0,0,0,0,2,2,1,2,1,4,1,0,1,0,0,0,0,0,0,0,0,1,0,0,0,0,0,1,0,0,0,0,0,0,1,0,0
seanyushoumori/train-anarchy,train-anarchy,seanyushoumori,seanyushoumori,https://github.com/seanyushoumori,1,161,0,0,0,0,0,0,0,0,0,0,0,0,0,0,0,0,0,0,0,0,0,0,0,0,0,0,0,0,0,0,0,0,0,0,0,0,0,0,0,0,0,0,0,0,0,0,0,0,0,0,0,0,0,0,0,0,0,0,0,0,0,0,0,0,0,0,0,0,0,0,0,0,0,0,0,0,0,0,0,0,0,0,0,0,0,0,0,0,0,0,0,0,0,0,0,0,0,0,0,0,0,0,0,0,0,0,0,0,0,0,0,0,0,0,0,0,0,0,0,0,0,0,0,0,0,0,0,0,0,0,0,40,36,23,6,17,10,8,12,9
pierreggt/subway-builder-bordeaux,subway-builder-bordeaux,pierreggt,pierreggt,https://github.com/pierreggt,1,150,0,0,0,0,0,0,0,0,0,0,0,0,0,0,0,0,0,0,0,0,0,0,0,0,0,0,0,0,0,0,0,0,0,0,0,0,0,0,0,0,0,0,0,0,0,0,0,0,0,0,0,0,0,0,0,0,0,0,0,0,0,0,0,0,0,0,0,0,0,0,0,0,0,0,0,0,0,0,0,0,0,0,0,0,0,0,0,0,0,0,0,0,0,0,0,0,0,0,0,0,0,0,0,0,0,0,0,0,0,0,0,0,0,0,0,0,0,0,0,0,0,0,0,0,0,0,4,26,21,9,27,20,9,10,3,2,5,2,4,8
pswbsf/pyongyang-nk,pyongyang-nk,PSWBSF,Potato Spaghetti Water Balloon Space Federation,https://youtu.be/dQw4w9WgXcQ?t=0,1,150,0,0,0,0,0,0,0,0,0,0,0,0,0,0,0,0,0,0,0,0,0,0,0,0,0,5,8,2,4,3,9,0,0,0,1,12,2,3,1,2,3,2,2,2,1,2,3,5,1,0,2,3,1,1,1,3,2,1,0,2,2,1,0,0,0,0,3,1,1,1,4,0,0,0,3,1,1,3,1,2,0,3,0,0,1,1,2,0,1,3,1,1,0,0,0,0,0,0,4,0,0,3,0,1,0,0,0,3,0,1,1,2,1,0,0,0,0,1,1,0,0,0,0,0,0,2,1,0,0,0,1,0,0,0,0,0,0,2,0,0
seanyushoumori/copy-paste,copy-paste,seanyushoumori,seanyushoumori,https://github.com/seanyushoumori,1,146,0,0,0,0,0,0,0,0,0,0,0,0,0,0,0,0,0,0,0,0,0,0,0,0,0,0,0,0,0,0,0,0,0,0,0,0,0,0,0,0,0,0,0,0,0,0,0,0,0,0,0,0,0,0,0,0,0,0,0,0,0,0,0,0,0,0,0,0,0,0,0,0,0,0,0,0,0,0,0,0,0,0,0,0,0,0,0,0,0,0,0,0,0,0,0,0,0,0,0,0,5,3,3,6,2,2,4,4,8,2,2,8,6,0,4,1,0,3,6,13,12,6,4,1,2,1,0,2,3,2,5,3,4,5,3,2,2,2,2,3
pswbsf/connecticut-usa,connecticut-usa,PSWBSF,Potato Spaghetti Water Balloon Space Federation,https://youtu.be/dQw4w9WgXcQ?t=0,1,145,0,0,0,0,0,0,0,0,0,0,0,0,0,0,0,0,0,0,0,0,0,0,0,0,0,0,0,0,0,0,0,0,0,0,0,0,0,0,0,0,0,0,0,0,0,0,0,0,0,0,0,0,0,0,0,0,0,0,0,0,0,0,0,0,0,0,0,0,0,0,0,2,10,12,5,7,11,7,5,5,3,5,2,1,5,1,4,0,3,4,4,2,4,2,1,1,3,2,0,2,1,0,2,1,0,0,1,1,5,1,2,1,2,0,1,1,0,1,0,1,1,0,0,0,0,0,0,3,2,2,0,0,1,1,0,0,0,1,0,0
soccerjonj/colorado-ski-country,Colorado-Ski-Country,soccerjonj,soccerjonj,https://github.com/soccerjonj,1,144,19,2,2,7,1,0,3,5,2,0,7,3,6,0,4,2,3,0,3,2,2,6,0,2,0,4,1,0,3,1,6,0,2,6,0,0,0,1,0,1,1,0,2,1,0,2,1,3,0,0,1,0,0,0,1,0,0,0,1,1,1,0,1,0,0,2,2,2,1,0,0,0,0,0,2,1,0,0,0,0,0,0,0,0,0,1,0,0,0,0,2,0,0,0,0,0,0,0,0,0,0,0,1,2,0,1,0,0,0,0,1,0,0,0,0,0,0,0,0,1,0,0,0,0,0,0,0,0,0,0,0,0,0,0,0,0,1,1,1,0
pswbsf/buffalo-ny,buffalo-ny,PSWBSF,Potato Spaghetti Water Balloon Space Federation,https://youtu.be/dQw4w9WgXcQ?t=0,1,143,0,0,0,0,0,0,0,0,0,0,0,0,0,0,0,0,0,0,0,0,0,0,0,0,0,0,0,0,0,0,0,0,0,0,5,2,3,4,10,5,2,3,6,5,1,2,5,2,4,2,2,3,4,5,4,5,0,2,0,1,1,1,1,1,1,3,0,1,0,1,4,2,0,0,0,0,2,2,1,0,0,2,2,1,2,0,0,2,0,1,0,1,2,2,0,1,1,1,0,0,1,2,1,2,0,1,2,1,0,1,1,0,1,0,0,0,1,0,0,1,0,0,1,0,0,0,0,0,0,0,0,0,0,0,0,0,0,1,0,0
soccerjonj/louisville,Louisville,soccerjonj,soccerjonj,https://github.com/soccerjonj,1,138,16,1,2,5,1,0,2,3,2,3,4,2,6,1,3,2,2,1,2,1,2,3,2,1,1,2,2,0,1,2,5,1,3,0,3,0,0,1,0,2,2,0,2,0,0,0,1,4,0,0,2,0,0,3,2,1,0,0,1,1,0,0,0,0,0,1,1,1,1,1,0,0,1,0,0,0,0,0,0,0,0,0,1,0,0,1,0,2,0,0,1,1,1,0,0,1,1,1,1,0,0,0,0,1,0,0,3,1,0,1,1,1,1,0,0,0,0,0,0,0,1,1,0,0,0,0,0,0,0,0,0,0,0,0,0,0,0,1,0,0
nzh0172/sb-malaysia-map-pack-2,sb-malaysia-map-pack-2,nzh0172,naz,https://github.com/nzh0172,3,131,0,0,0,0,0,0,0,0,0,0,0,0,0,0,0,0,0,0,0,0,0,0,0,0,0,0,0,0,0,0,0,0,20,10,0,7,2,5,2,6,3,0,2,0,2,1,2,2,2,0,1,0,1,0,3,4,2,0,0,0,1,0,1,2,0,5,0,0,0,0,1,0,1,0,1,3,0,2,0,1,0,0,0,0,0,0,0,0,0,0,0,1,0,0,6,0,1,1,0,0,2,0,1,0,0,1,1,0,1,0,3,0,2,0,0,0,0,2,0,0,0,0,0,0,0,0,3,0,0,0,0,0,2,2,1,0,0,6,0,0
pierreggt/subway-builder-nice,subway-builder-nice,pierreggt,pierreggt,https://github.com/pierreggt,1,131,0,0,0,0,0,0,0,0,0,0,0,0,0,0,0,0,0,0,0,0,0,0,0,0,0,0,0,0,0,0,0,0,0,0,0,0,0,0,0,0,0,0,0,0,0,0,0,0,0,0,0,0,0,0,0,0,0,0,0,0,0,0,0,0,0,0,0,0,0,0,0,0,0,0,0,0,0,0,0,0,0,0,0,0,0,0,0,0,0,0,0,0,0,0,0,0,0,0,0,0,0,0,0,0,0,0,0,0,0,0,0,0,0,0,0,0,0,0,0,0,0,0,0,0,0,0,0,0,0,0,34,38,8,9,12,4,11,5,5,5
crumpetime/sb-maps-msy,sb-maps-msy,crumpetime,muffintime,https://github.com/crumpetime,1,130,0,0,0,0,0,0,0,0,0,0,0,0,0,0,0,0,0,0,0,0,0,0,0,0,0,0,0,0,0,0,0,0,0,0,0,0,0,0,0,0,0,0,0,0,0,0,0,0,0,0,0,0,0,0,0,0,0,0,0,0,0,0,0,0,0,0,0,0,0,0,0,0,0,0,0,0,0,0,0,0,0,0,0,0,0,0,0,0,0,0,0,0,0,0,0,0,0,0,0,16,8,7,9,9,4,9,5,11,3,4,6,3,3,2,4,2,1,5,2,5,2,1,1,1,0,0,0,1,4,0,0,0,0,0,1,0,0,1,0,0
crumpetime/sb-maps-xna,sb-maps-xna,crumpetime,muffintime,https://github.com/crumpetime,1,114,3,4,4,9,3,4,2,2,2,0,2,4,4,1,4,2,2,0,0,3,0,5,3,2,1,1,2,1,2,1,2,1,2,1,1,1,0,0,1,1,2,1,0,1,0,1,0,1,0,0,0,1,0,1,0,0,1,1,1,2,0,2,0,0,0,1,2,0,0,1,1,0,1,0,0,0,0,0,0,1,0,0,0,0,0,0,0,0,1,0,2,0,0,0,0,0,0,0,0,0,0,0,0,1,0,0,0,0,0,0,1,0,0,0,0,0,0,0,0,0,1,0,0,0,0,0,0,0,0,0,0,0,0,0,0,0,1,1,1,0
pierreggt/subway-builder-lyon,subway-builder-lyon,pierreggt,pierreggt,https://github.com/pierreggt,1,111,0,0,0,0,0,0,0,0,0,0,0,0,0,0,0,0,0,0,0,0,0,0,0,0,0,0,0,0,0,0,0,0,0,0,0,0,0,0,0,0,0,0,0,0,0,0,0,0,0,0,0,0,0,0,0,0,0,0,0,0,0,0,0,0,0,0,0,0,0,0,0,0,0,0,0,0,0,0,0,0,0,0,0,0,0,0,0,0,0,0,0,0,0,0,0,0,0,0,0,0,0,0,0,0,0,0,0,0,0,0,0,0,0,0,0,0,0,0,0,0,0,0,0,0,0,0,0,0,0,0,0,3,34,15,14,10,12,6,7,10
phineapoo/willamette-valley-or,Willamette-Valley-OR,Phineapoo,Phineapoo,https://github.com/Phineapoo,1,110,0,0,0,0,0,0,0,0,0,0,0,0,0,0,0,0,0,0,0,0,0,0,0,0,0,0,0,0,0,0,0,0,0,3,11,5,4,5,5,0,0,1,2,1,3,0,9,2,0,1,2,0,4,3,3,2,0,2,0,0,0,1,3,2,2,1,2,0,0,2,1,1,1,0,1,0,0,0,0,2,0,3,0,0,0,1,0,0,3,1,0,0,0,1,0,0,1,3,0,0,0,0,1,0,1,0,0,1,0,1,0,0,1,0,0,1,0,1,0,0,1,0,0,0,0,1,0,0,0,0,0,0,0,0,0,0,0,1,0,0
pswbsf/charleston-sc,charleston-sc,PSWBSF,Potato Spaghetti Water Balloon Space Federation,https://youtu.be/dQw4w9WgXcQ?t=0,1,106,0,0,0,0,0,0,0,0,0,0,0,0,0,0,0,0,0,0,0,0,0,0,0,0,0,0,0,0,0,10,27,0,0,15,0,0,0,0,0,0,0,0,0,0,0,0,0,0,0,0,0,0,0,0,0,2,0,1,0,1,0,4,0,0,2,2,0,0,1,2,1,1,4,1,0,1,0,1,1,0,1,0,2,1,0,0,0,0,0,0,1,1,0,1,0,1,1,0,0,0,0,1,0,1,1,1,2,1,1,0,3,0,1,0,0,0,0,1,0,1,0,0,0,0,1,0,0,1,0,0,0,1,0,0,0,0,1,1,1,0
pswbsf/piedmont-triad,piedmont-triad,PSWBSF,Potato Spaghetti Water Balloon Space Federation,https://youtu.be/dQw4w9WgXcQ?t=0,1,106,0,0,0,0,0,0,0,0,0,0,0,0,0,0,0,0,0,9,5,11,1,9,7,1,0,0,2,0,0,1,3,10,0,0,4,0,1,2,1,2,1,0,0,0,0,0,1,0,1,0,1,0,0,0,0,1,0,2,0,1,0,1,1,0,0,0,1,0,0,3,0,0,0,2,0,0,1,0,1,1,0,0,2,0,1,1,0,0,0,0,0,0,0,1,0,0,0,0,0,0,1,1,0,1,0,0,1,0,0,0,1,1,1,0,0,0,0,1,0,0,1,0,0,0,1,0,0,0,0,0,0,0,0,0,0,2,0,1,0,0
pierreggt/subway-builder-marseille,subway-builder-marseille,pierreggt,pierreggt,https://github.com/pierreggt,1,97,0,0,0,0,0,0,0,0,0,0,0,0,0,0,0,0,0,0,0,0,0,0,0,0,0,0,0,0,0,0,0,0,0,0,0,0,0,0,0,0,0,0,0,0,0,0,0,0,0,0,0,0,0,0,0,0,0,0,0,0,0,0,0,0,0,0,0,0,0,0,0,0,0,0,0,0,0,0,0,0,0,0,0,0,0,0,0,0,0,0,0,0,0,0,0,0,0,0,0,0,0,0,0,0,0,0,0,0,0,0,0,0,0,0,0,0,0,0,0,0,0,0,0,0,0,0,0,0,0,0,0,3,34,15,15,4,9,3,5,9
crumpetime/sb-maps-rdu,sb-maps-rdu,crumpetime,muffintime,https://github.com/crumpetime,1,96,0,0,0,0,0,0,0,0,0,0,0,0,0,0,0,0,0,0,0,0,0,0,0,0,0,0,0,0,0,0,0,0,0,0,0,0,0,2,4,6,1,1,2,0,2,1,0,2,3,3,1,1,2,1,1,5,2,2,1,0,1,2,0,2,1,3,2,1,1,0,1,0,0,1,0,0,1,1,2,0,2,1,4,0,1,1,0,1,1,1,3,0,0,2,1,1,0,0,1,1,0,2,1,2,0,0,0,0,0,2,1,0,1,0,0,0,0,0,0,0,1,0,0,0,1,0,0,1,0,0,0,0,0,0,0,0,0,1,0,0
pswbsf/wilmington-nc,wilmington-nc,PSWBSF,Potato Spaghetti Water Balloon Space Federation,https://youtu.be/dQw4w9WgXcQ?t=0,1,92,0,0,0,0,0,0,0,0,0,0,0,0,0,0,0,0,0,0,0,2,8,8,6,5,1,0,3,0,1,0,2,5,4,2,4,3,0,2,0,3,0,1,0,0,1,0,1,2,0,1,0,0,0,2,0,1,0,2,0,0,2,0,0,0,0,0,2,0,0,1,2,0,0,0,0,0,1,1,1,0,0,0,0,0,0,0,1,0,0,0,0,0,0,1,0,1,1,0,0,0,1,0,0,1,0,1,0,0,0,1,1,0,0,0,0,0,0,1,0,0,0,0,0,0,0,0,0,0,0,0,0,0,0,0,0,1,0,1,0,0
nzh0172/sb-hideandseek,sb-hideandseek,nzh0172,naz,https://github.com/nzh0172,1,89,0,0,0,0,0,0,0,0,0,0,0,0,0,0,0,0,0,0,0,0,0,0,0,0,0,0,0,0,0,0,0,0,0,0,0,0,0,0,0,0,0,0,0,0,0,0,0,0,0,0,0,0,0,0,0,0,0,0,0,0,0,0,0,0,0,0,0,0,0,0,0,0,0,0,0,0,0,0,0,0,0,0,0,0,0,0,0,0,0,0,0,0,0,0,0,0,0,0,0,0,0,0,0,0,0,0,0,0,0,0,0,0,0,0,0,0,0,0,0,0,0,0,0,0,2,11,6,7,2,6,15,3,6,7,5,6,4,2,1,6
giannons46/sofia-subway-builder-map,sofia-subway-builder-map,giannons46,giannons46,https://github.com/giannons46,1,85,0,0,0,0,0,0,0,0,0,0,0,0,0,0,0,0,0,0,0,0,0,0,0,0,0,0,0,0,0,0,0,0,0,0,0,0,0,0,0,0,0,0,0,0,0,0,0,0,0,0,0,0,0,0,0,0,0,0,0,0,0,0,0,0,0,0,0,0,0,0,0,0,0,0,0,0,0,0,0,0,0,0,0,0,0,0,0,0,0,0,0,0,0,0,0,0,0,0,0,0,0,0,0,0,0,0,0,0,0,0,0,0,0,0,0,0,0,0,0,0,0,0,0,0,0,0,0,0,0,0,0,0,0,0,28,25,9,12,4,7
pierreggt/subway-builder-montpellier,subway-builder-montpellier,pierreggt,pierreggt,https://github.com/pierreggt,1,81,0,0,0,0,0,0,0,0,0,0,0,0,0,0,0,0,0,0,0,0,0,0,0,0,0,0,0,0,0,0,0,0,0,0,0,0,0,0,0,0,0,0,0,0,0,0,0,0,0,0,0,0,0,0,0,0,0,0,0,0,0,0,0,0,0,0,0,0,0,0,0,0,0,0,0,0,0,0,0,0,0,0,0,0,0,0,0,0,0,0,0,0,0,0,0,0,0,0,0,0,0,0,0,0,0,0,0,0,0,0,0,0,0,0,0,0,0,0,0,0,0,0,0,0,0,0,0,0,0,0,22,23,9,5,6,3,2,2,6,3
pierreggt/subway-builder-strasbourg,subway-builder-strasbourg,pierreggt,pierreggt,https://github.com/pierreggt,1,73,0,0,0,0,0,0,0,0,0,0,0,0,0,0,0,0,0,0,0,0,0,0,0,0,0,0,0,0,0,0,0,0,0,0,0,0,0,0,0,0,0,0,0,0,0,0,0,0,0,0,0,0,0,0,0,0,0,0,0,0,0,0,0,0,0,0,0,0,0,0,0,0,0,0,0,0,0,0,0,0,0,0,0,0,0,0,0,0,0,0,0,0,0,0,0,0,0,0,0,0,0,0,0,0,0,0,0,0,0,0,0,0,0,0,0,0,0,0,0,0,0,0,0,0,0,0,0,0,0,0,0,0,0,21,21,5,11,3,5,7
pswbsf/dayton-oh,dayton-oh,PSWBSF,Potato Spaghetti Water Balloon Space Federation,https://youtu.be/dQw4w9WgXcQ?t=0,1,73,0,0,0,0,0,0,0,0,0,0,0,0,0,0,0,0,0,0,0,0,4,8,4,3,3,3,4,2,1,0,1,0,2,1,0,0,0,2,0,0,0,0,1,0,0,0,0,1,0,0,0,0,0,0,0,2,0,0,0,0,0,0,0,0,0,0,0,1,0,1,1,9,0,4,0,1,1,0,0,1,0,1,0,0,0,0,0,4,0,0,0,0,2,0,1,0,0,0,0,0,0,0,0,0,0,0,0,0,0,0,0,0,1,0,0,0,0,1,1,0,0,0,0,0,0,0,0,0,0,0,0,0,0,0,0,0,0,1,0,0
pierreggt/subway-builder-lille,subway-builder-lille,pierreggt,pierreggt,https://github.com/pierreggt,1,71,0,0,0,0,0,0,0,0,0,0,0,0,0,0,0,0,0,0,0,0,0,0,0,0,0,0,0,0,0,0,0,0,0,0,0,0,0,0,0,0,0,0,0,0,0,0,0,0,0,0,0,0,0,0,0,0,0,0,0,0,0,0,0,0,0,0,0,0,0,0,0,0,0,0,0,0,0,0,0,0,0,0,0,0,0,0,0,0,0,0,0,0,0,0,0,0,0,0,0,0,0,0,0,0,0,0,0,0,0,0,0,0,0,0,0,0,0,0,0,0,0,0,0,0,0,0,0,0,0,0,0,0,0,19,25,6,7,4,6,4
pierreggt/subway-builder-toulouse,subway-builder-toulouse,pierreggt,pierreggt,https://github.com/pierreggt,1,69,0,0,0,0,0,0,0,0,0,0,0,0,0,0,0,0,0,0,0,0,0,0,0,0,0,0,0,0,0,0,0,0,0,0,0,0,0,0,0,0,0,0,0,0,0,0,0,0,0,0,0,0,0,0,0,0,0,0,0,0,0,0,0,0,0,0,0,0,0,0,0,0,0,0,0,0,0,0,0,0,0,0,0,0,0,0,0,0,0,0,0,0,0,0,0,0,0,0,0,0,0,0,0,0,0,0,0,0,0,0,0,0,0,0,0,0,0,0,0,0,0,0,0,0,0,0,0,0,0,0,0,3,27,9,11,3,3,4,4,5
hernang87/amba-buenos-aires-metropolitan-area-for-subway-builder,AMBA-Buenos-Aires-Metropolitan-Area-for-Subway-Builder,hernang87,hernang87,https://github.com/hernang87,1,68,0,0,0,0,0,0,0,0,0,0,0,0,0,0,0,0,0,0,0,0,0,0,0,0,0,0,0,0,0,0,0,0,0,0,0,0,0,0,0,0,0,0,0,0,0,0,0,0,0,0,0,0,0,0,0,0,0,0,0,0,0,0,0,0,0,0,0,0,0,0,0,0,0,0,0,0,0,0,0,0,0,0,0,0,0,0,0,0,0,0,0,0,0,0,0,0,0,0,0,0,0,0,0,0,0,0,0,0,0,0,0,0,0,0,0,0,0,0,0,0,0,0,0,0,0,0,0,0,0,0,0,0,0,0,0,0,0,42,21,5
pierreggt/subway-builder-rennes,subway-builder-rennes,pierreggt,pierreggt,https://github.com/pierreggt,1,61,0,0,0,0,0,0,0,0,0,0,0,0,0,0,0,0,0,0,0,0,0,0,0,0,0,0,0,0,0,0,0,0,0,0,0,0,0,0,0,0,0,0,0,0,0,0,0,0,0,0,0,0,0,0,0,0,0,0,0,0,0,0,0,0,0,0,0,0,0,0,0,0,0,0,0,0,0,0,0,0,0,0,0,0,0,0,0,0,0,0,0,0,0,0,0,0,0,0,0,0,0,0,0,0,0,0,0,0,0,0,0,0,0,0,0,0,0,0,0,0,0,0,0,0,0,0,0,0,0,0,0,0,0,23,18,3,5,0,8,4
pswbsf/syracuse-ny,syracuse-ny,PSWBSF,Potato Spaghetti Water Balloon Space Federation,https://youtu.be/dQw4w9WgXcQ?t=0,1,58,0,0,0,0,0,0,0,0,0,0,0,0,0,0,0,0,0,0,0,0,0,0,0,0,0,0,0,0,0,0,0,0,0,0,0,0,0,0,0,0,0,0,0,0,0,0,0,0,0,0,4,3,4,2,3,2,0,1,1,0,0,1,1,0,1,2,1,3,0,2,0,2,1,1,1,2,1,0,1,0,0,0,1,0,0,0,0,0,0,0,1,0,0,1,0,0,0,0,0,0,0,0,1,1,2,2,1,0,0,2,0,1,0,0,0,0,1,0,0,0,1,0,0,0,0,0,0,0,0,0,2,0,0,0,0,0,0,1,0,0
bean1322/toledo-oh-map.git,toledo-oh-map.git,bean1322,bean1322,https://github.com/bean1322,1,46,0,0,0,0,0,0,0,0,0,0,0,0,0,0,0,0,0,0,0,0,0,0,0,0,0,0,0,0,0,0,0,0,0,0,0,5,4,2,0,0,1,1,2,1,1,0,0,2,1,0,3,0,1,0,0,2,2,2,0,0,0,1,0,0,0,0,1,1,0,1,0,0,0,0,0,0,0,0,0,0,0,0,2,0,0,0,1,0,1,0,0,1,0,0,1,0,0,0,0,0,0,1,0,1,0,0,0,0,0,0,1,0,1,0,0,0,0,0,0,0,0,0,0,0,0,0,0,0,0,0,0,0,0,0,0,0,0,1,0,1
pierreggt/subway-builder-nantes,subway-builder-nantes,pierreggt,pierreggt,https://github.com/pierreggt,1,46,0,0,0,0,0,0,0,0,0,0,0,0,0,0,0,0,0,0,0,0,0,0,0,0,0,0,0,0,0,0,0,0,0,0,0,0,0,0,0,0,0,0,0,0,0,0,0,0,0,0,0,0,0,0,0,0,0,0,0,0,0,0,0,0,0,0,0,0,0,0,0,0,0,0,0,0,0,0,0,0,0,0,0,0,0,0,0,0,0,0,0,0,0,0,0,0,0,0,0,0,0,0,0,0,0,0,0,0,0,0,0,0,0,0,0,0,0,0,0,0,0,0,0,0,0,0,0,0,0,0,0,0,0,14,16,4,2,1,5,4
bean1322/akron-oh-map,akron-oh-map,bean1322,bean1322,https://github.com/bean1322,1,44,0,0,0,0,0,0,0,0,0,0,0,0,0,0,0,0,0,0,0,0,0,0,0,0,0,0,0,0,0,0,5,2,1,3,1,2,0,1,1,0,1,0,2,0,0,1,0,2,0,0,0,0,0,0,0,1,1,1,0,0,0,1,0,0,0,1,0,0,0,0,1,0,0,0,0,1,0,0,0,0,0,0,1,0,0,0,0,0,0,1,1,0,0,0,1,0,1,0,1,0,0,0,1,1,1,0,0,0,1,0,1,0,0,2,0,0,0,0,0,0,1,0,0,0,0,0,0,0,0,0,0,0,0,0,0,0,0,1,0,0
pierreggt/subway-builder-ankara,subway-builder-ankara,pierreggt,pierreggt,https://github.com/pierreggt,1,41,0,0,0,0,0,0,0,0,0,0,0,0,0,0,0,0,0,0,0,0,0,0,0,0,0,0,0,0,0,0,0,0,0,0,0,0,0,0,0,0,0,0,0,0,0,0,0,0,0,0,0,0,0,0,0,0,0,0,0,0,0,0,0,0,0,0,0,0,0,0,0,0,0,0,0,0,0,0,0,0,0,0,0,0,0,0,0,0,0,0,0,0,0,0,0,0,0,0,0,0,0,0,0,0,0,0,0,0,0,0,0,0,0,0,0,0,0,0,0,0,0,0,0,0,0,0,0,0,0,0,0,0,0,0,0,0,9,14,11,7
crumpetime/sb-maps-rsw,sb-maps-rsw,crumpetime,muffintime,https://github.com/crumpetime,1,36,0,0,0,0,0,0,0,0,0,0,0,0,0,0,0,0,0,0,0,0,0,0,0,0,0,0,0,0,0,0,0,0,0,0,0,0,0,0,0,0,0,0,0,0,0,0,0,0,0,0,0,0,0,0,0,0,0,0,0,0,0,0,0,0,0,0,0,0,0,0,0,0,0,0,0,0,0,0,0,0,0,0,0,0,0,0,0,0,0,0,0,0,0,0,0,0,0,0,0,0,0,0,0,0,0,0,0,0,0,0,0,0,0,0,0,0,0,0,0,0,0,0,0,0,0,0,0,0,0,0,0,0,0,16,11,3,4,2,0,0
pierreggt/subway-builder-antalya,subway-builder-antalya,pierreggt,pierreggt,https://github.com/pierreggt,1,28,0,0,0,0,0,0,0,0,0,0,0,0,0,0,0,0,0,0,0,0,0,0,0,0,0,0,0,0,0,0,0,0,0,0,0,0,0,0,0,0,0,0,0,0,0,0,0,0,0,0,0,0,0,0,0,0,0,0,0,0,0,0,0,0,0,0,0,0,0,0,0,0,0,0,0,0,0,0,0,0,0,0,0,0,0,0,0,0,0,0,0,0,0,0,0,0,0,0,0,0,0,0,0,0,0,0,0,0,0,0,0,0,0,0,0,0,0,0,0,0,0,0,0,0,0,0,0,0,0,0,0,0,0,0,0,0,7,10,5,6
imb11/subwaycine,SubwayCine,IMB11,IMB11,https://github.com/IMB11,1,25,0,0,0,0,0,0,0,0,0,0,0,0,0,0,0,0,0,0,0,0,0,0,0,0,0,0,0,0,0,0,0,0,0,0,0,0,0,0,0,0,0,0,0,0,0,0,0,0,0,0,0,0,0,0,0,0,0,0,0,0,0,0,0,0,0,0,0,0,0,0,0,0,0,0,0,0,0,0,0,0,0,0,0,0,0,0,0,0,0,0,0,0,0,0,0,0,0,0,0,0,0,0,0,0,0,0,0,0,0,0,0,0,0,0,0,0,0,0,0,0,0,0,0,0,0,0,0,0,0,0,5,8,3,1,1,4,2,0,0,1
