version,total_downloads,last_1d_downloads,last_3d_downloads,last_7d_downloads,railyard-v0.1.0-linux-amd64.AppImage_total_downloads,railyard-v0.1.0-linux-amd64.AppImage_last_1d_downloads,railyard-v0.1.0-linux-amd64.AppImage_last_3d_downloads,railyard-v0.1.0-linux-amd64.AppImage_last_7d_downloads,railyard-v0.1.0-macos-universal.dmg_total_downloads,railyard-v0.1.0-macos-universal.dmg_last_1d_downloads,railyard-v0.1.0-macos-universal.dmg_last_3d_downloads,railyard-v0.1.0-macos-universal.dmg_last_7d_downloads,railyard-v0.1.0-macos-universal.zip_total_downloads,railyard-v0.1.0-macos-universal.zip_last_1d_downloads,railyard-v0.1.0-macos-universal.zip_last_3d_downloads,railyard-v0.1.0-macos-universal.zip_last_7d_downloads,railyard-v0.1.0-windows-amd64-installer.exe_total_downloads,railyard-v0.1.0-windows-amd64-installer.exe_last_1d_downloads,railyard-v0.1.0-windows-amd64-installer.exe_last_3d_downloads,railyard-v0.1.0-windows-amd64-installer.exe_last_7d_downloads,railyard-v0.1.0-windows-amd64-portable.zip_total_downloads,railyard-v0.1.0-windows-amd64-portable.zip_last_1d_downloads,railyard-v0.1.0-windows-amd64-portable.zip_last_3d_downloads,railyard-v0.1.0-windows-amd64-portable.zip_last_7d_downloads,railyard-v0.1.1-linux-amd64.AppImage_total_downloads,railyard-v0.1.1-linux-amd64.AppImage_last_1d_downloads,railyard-v0.1.1-linux-amd64.AppImage_last_3d_downloads,railyard-v0.1.1-linux-amd64.AppImage_last_7d_downloads,railyard-v0.1.1-macos-universal.dmg_total_downloads,railyard-v0.1.1-macos-universal.dmg_last_1d_downloads,railyard-v0.1.1-macos-universal.dmg_last_3d_downloads,railyard-v0.1.1-macos-universal.dmg_last_7d_downloads,railyard-v0.1.1-macos-universal.zip_total_downloads,railyard-v0.1.1-macos-universal.zip_last_1d_downloads,railyard-v0.1.1-macos-universal.zip_last_3d_downloads,railyard-v0.1.1-macos-universal.zip_last_7d_downloads,railyard-v0.1.1-windows-amd64-installer.exe_total_downloads,railyard-v0.1.1-windows-amd64-installer.exe_last_1d_downloads,railyard-v0.1.1-windows-amd64-installer.exe_last_3d_downloads,railyard-v0.1.1-windows-amd64-installer.exe_last_7d_downloads,railyard-v0.1.1-windows-amd64-portable.zip_total_downloads,railyard-v0.1.1-windows-amd64-portable.zip_last_1d_downloads,railyard-v0.1.1-windows-amd64-portable.zip_last_3d_downloads,railyard-v0.1.1-windows-amd64-portable.zip_last_7d_downloads,railyard-v0.1.1-windows-arm64-installer.exe_total_downloads,railyard-v0.1.1-windows-arm64-installer.exe_last_1d_downloads,railyard-v0.1.1-windows-arm64-installer.exe_last_3d_downloads,railyard-v0.1.1-windows-arm64-installer.exe_last_7d_downloads,railyard-v0.1.1-windows-arm64-portable.zip_total_downloads,railyard-v0.1.1-windows-arm64-portable.zip_last_1d_downloads,railyard-v0.1.1-windows-arm64-portable.zip_last_3d_downloads,railyard-v0.1.1-windows-arm64-portable.zip_last_7d_downloads,railyard-v0.1.2-linux-amd64.AppImage_total_downloads,railyard-v0.1.2-linux-amd64.AppImage_last_1d_downloads,railyard-v0.1.2-linux-amd64.AppImage_last_3d_downloads,railyard-v0.1.2-linux-amd64.AppImage_last_7d_downloads,railyard-v0.1.2-macos-universal.dmg_total_downloads,railyard-v0.1.2-macos-universal.dmg_last_1d_downloads,railyard-v0.1.2-macos-universal.dmg_last_3d_downloads,railyard-v0.1.2-macos-universal.dmg_last_7d_downloads,railyard-v0.1.2-macos-universal.zip_total_downloads,railyard-v0.1.2-macos-universal.zip_last_1d_downloads,railyard-v0.1.2-macos-universal.zip_last_3d_downloads,railyard-v0.1.2-macos-universal.zip_last_7d_downloads,railyard-v0.1.2-windows-amd64-installer.exe_total_downloads,railyard-v0.1.2-windows-amd64-installer.exe_last_1d_downloads,railyard-v0.1.2-windows-amd64-installer.exe_last_3d_downloads,railyard-v0.1.2-windows-amd64-installer.exe_last_7d_downloads,railyard-v0.1.2-windows-amd64-portable.zip_total_downloads,railyard-v0.1.2-windows-amd64-portable.zip_last_1d_downloads,railyard-v0.1.2-windows-amd64-portable.zip_last_3d_downloads,railyard-v0.1.2-windows-amd64-portable.zip_last_7d_downloads,railyard-v0.1.2-windows-arm64-installer.exe_total_downloads,railyard-v0.1.2-windows-arm64-installer.exe_last_1d_downloads,railyard-v0.1.2-windows-arm64-installer.exe_last_3d_downloads,railyard-v0.1.2-windows-arm64-installer.exe_last_7d_downloads,railyard-v0.1.2-windows-arm64-portable.zip_total_downloads,railyard-v0.1.2-windows-arm64-portable.zip_last_1d_downloads,railyard-v0.1.2-windows-arm64-portable.zip_last_3d_downloads,railyard-v0.1.2-windows-arm64-portable.zip_last_7d_downloads,railyard-v0.1.3-current-linux-amd64.AppImage_total_downloads,railyard-v0.1.3-current-linux-amd64.AppImage_last_1d_downloads,railyard-v0.1.3-current-linux-amd64.AppImage_last_3d_downloads,railyard-v0.1.3-current-linux-amd64.AppImage_last_7d_downloads,railyard-v0.1.3-legacy-linux-amd64.AppImage_total_downloads,railyard-v0.1.3-legacy-linux-amd64.AppImage_last_1d_downloads,railyard-v0.1.3-legacy-linux-amd64.AppImage_last_3d_downloads,railyard-v0.1.3-legacy-linux-amd64.AppImage_last_7d_downloads,railyard-v0.1.3-macos-universal.dmg_total_downloads,railyard-v0.1.3-macos-universal.dmg_last_1d_downloads,railyard-v0.1.3-macos-universal.dmg_last_3d_downloads,railyard-v0.1.3-macos-universal.dmg_last_7d_downloads,railyard-v0.1.3-macos-universal.zip_total_downloads,railyard-v0.1.3-macos-universal.zip_last_1d_downloads,railyard-v0.1.3-macos-universal.zip_last_3d_downloads,railyard-v0.1.3-macos-universal.zip_last_7d_downloads,railyard-v0.1.3-windows-amd64-installer.exe_total_downloads,railyard-v0.1.3-windows-amd64-installer.exe_last_1d_downloads,railyard-v0.1.3-windows-amd64-installer.exe_last_3d_downloads,railyard-v0.1.3-windows-amd64-installer.exe_last_7d_downloads,railyard-v0.1.3-windows-amd64-portable.zip_total_downloads,railyard-v0.1.3-windows-amd64-portable.zip_last_1d_downloads,railyard-v0.1.3-windows-amd64-portable.zip_last_3d_downloads,railyard-v0.1.3-windows-amd64-portable.zip_last_7d_downloads,railyard-v0.1.3-windows-arm64-installer.exe_total_downloads,railyard-v0.1.3-windows-arm64-installer.exe_last_1d_downloads,railyard-v0.1.3-windows-arm64-installer.exe_last_3d_downloads,railyard-v0.1.3-windows-arm64-installer.exe_last_7d_downloads,railyard-v0.1.3-windows-arm64-portable.zip_total_downloads,railyard-v0.1.3-windows-arm64-portable.zip_last_1d_downloads,railyard-v0.1.3-windows-arm64-portable.zip_last_3d_downloads,railyard-v0.1.3-windows-arm64-portable.zip_last_7d_downloads,railyard-v0.1.4-current-linux-amd64.flatpak_total_downloads,railyard-v0.1.4-current-linux-amd64.flatpak_last_1d_downloads,railyard-v0.1.4-current-linux-amd64.flatpak_last_3d_downloads,railyard-v0.1.4-current-linux-amd64.flatpak_last_7d_downloads,railyard-v0.1.4-macos-universal.dmg_total_downloads,railyard-v0.1.4-macos-universal.dmg_last_1d_downloads,railyard-v0.1.4-macos-universal.dmg_last_3d_downloads,railyard-v0.1.4-macos-universal.dmg_last_7d_downloads,railyard-v0.1.4-macos-universal.zip_total_downloads,railyard-v0.1.4-macos-universal.zip_last_1d_downloads,railyard-v0.1.4-macos-universal.zip_last_3d_downloads,railyard-v0.1.4-macos-universal.zip_last_7d_downloads,railyard-v0.1.4-windows-amd64-installer.exe_total_downloads,railyard-v0.1.4-windows-amd64-installer.exe_last_1d_downloads,railyard-v0.1.4-windows-amd64-installer.exe_last_3d_downloads,railyard-v0.1.4-windows-amd64-installer.exe_last_7d_downloads,railyard-v0.1.4-windows-amd64-portable.zip_total_downloads,railyard-v0.1.4-windows-amd64-portable.zip_last_1d_downloads,railyard-v0.1.4-windows-amd64-portable.zip_last_3d_downloads,railyard-v0.1.4-windows-amd64-portable.zip_last_7d_downloads,railyard-v0.1.4-windows-arm64-installer.exe_total_downloads,railyard-v0.1.4-windows-arm64-installer.exe_last_1d_downloads,railyard-v0.1.4-windows-arm64-installer.exe_last_3d_downloads,railyard-v0.1.4-windows-arm64-installer.exe_last_7d_downloads,railyard-v0.1.4-windows-arm64-portable.zip_total_downloads,railyard-v0.1.4-windows-arm64-portable.zip_last_1d_downloads,railyard-v0.1.4-windows-arm64-portable.zip_last_3d_downloads,railyard-v0.1.4-windows-arm64-portable.zip_last_7d_downloads,railyard-v0.1.5-current-linux-amd64.flatpak_total_downloads,railyard-v0.1.5-current-linux-amd64.flatpak_last_1d_downloads,railyard-v0.1.5-current-linux-amd64.flatpak_last_3d_downloads,railyard-v0.1.5-current-linux-amd64.flatpak_last_7d_downloads,railyard-v0.1.5-macos-universal.dmg_total_downloads,railyard-v0.1.5-macos-universal.dmg_last_1d_downloads,railyard-v0.1.5-macos-universal.dmg_last_3d_downloads,railyard-v0.1.5-macos-universal.dmg_last_7d_downloads,railyard-v0.1.5-macos-universal.zip_total_downloads,railyard-v0.1.5-macos-universal.zip_last_1d_downloads,railyard-v0.1.5-macos-universal.zip_last_3d_downloads,railyard-v0.1.5-macos-universal.zip_last_7d_downloads,railyard-v0.1.5-windows-amd64-installer.exe_total_downloads,railyard-v0.1.5-windows-amd64-installer.exe_last_1d_downloads,railyard-v0.1.5-windows-amd64-installer.exe_last_3d_downloads,railyard-v0.1.5-windows-amd64-installer.exe_last_7d_downloads,railyard-v0.1.5-windows-amd64-portable.zip_total_downloads,railyard-v0.1.5-windows-amd64-portable.zip_last_1d_downloads,railyard-v0.1.5-windows-amd64-portable.zip_last_3d_downloads,railyard-v0.1.5-windows-amd64-portable.zip_last_7d_downloads,railyard-v0.1.5-windows-arm64-installer.exe_total_downloads,railyard-v0.1.5-windows-arm64-installer.exe_last_1d_downloads,railyard-v0.1.5-windows-arm64-installer.exe_last_3d_downloads,railyard-v0.1.5-windows-arm64-installer.exe_last_7d_downloads,railyard-v0.1.5-windows-arm64-portable.zip_total_downloads,railyard-v0.1.5-windows-arm64-portable.zip_last_1d_downloads,railyard-v0.1.5-windows-arm64-portable.zip_last_3d_downloads,railyard-v0.1.5-windows-arm64-portable.zip_last_7d_downloads,railyard-v0.1.6-current-linux-amd64.flatpak_total_downloads,railyard-v0.1.6-current-linux-amd64.flatpak_last_1d_downloads,railyard-v0.1.6-current-linux-amd64.flatpak_last_3d_downloads,railyard-v0.1.6-current-linux-amd64.flatpak_last_7d_downloads,railyard-v0.1.6-macos-universal.dmg_total_downloads,railyard-v0.1.6-macos-universal.dmg_last_1d_downloads,railyard-v0.1.6-macos-universal.dmg_last_3d_downloads,railyard-v0.1.6-macos-universal.dmg_last_7d_downloads,railyard-v0.1.6-macos-universal.zip_total_downloads,railyard-v0.1.6-macos-universal.zip_last_1d_downloads,railyard-v0.1.6-macos-universal.zip_last_3d_downloads,railyard-v0.1.6-macos-universal.zip_last_7d_downloads,railyard-v0.1.6-windows-amd64-installer.exe_total_downloads,railyard-v0.1.6-windows-amd64-installer.exe_last_1d_downloads,railyard-v0.1.6-windows-amd64-installer.exe_last_3d_downloads,railyard-v0.1.6-windows-amd64-installer.exe_last_7d_downloads,railyard-v0.1.6-windows-amd64-portable.zip_total_downloads,railyard-v0.1.6-windows-amd64-portable.zip_last_1d_downloads,railyard-v0.1.6-windows-amd64-portable.zip_last_3d_downloads,railyard-v0.1.6-windows-amd64-portable.zip_last_7d_downloads,railyard-v0.1.6-windows-arm64-installer.exe_total_downloads,railyard-v0.1.6-windows-arm64-installer.exe_last_1d_downloads,railyard-v0.1.6-windows-arm64-installer.exe_last_3d_downloads,railyard-v0.1.6-windows-arm64-installer.exe_last_7d_downloads,railyard-v0.1.6-windows-arm64-portable.zip_total_downloads,railyard-v0.1.6-windows-arm64-portable.zip_last_1d_downloads,railyard-v0.1.6-windows-arm64-portable.zip_last_3d_downloads,railyard-v0.1.6-windows-arm64-portable.zip_last_7d_downloads,railyard-v0.2.0-current-linux-amd64.flatpak_total_downloads,railyard-v0.2.0-current-linux-amd64.flatpak_last_1d_downloads,railyard-v0.2.0-current-linux-amd64.flatpak_last_3d_downloads,railyard-v0.2.0-current-linux-amd64.flatpak_last_7d_downloads,railyard-v0.2.0-macos-universal.dmg_total_downloads,railyard-v0.2.0-macos-universal.dmg_last_1d_downloads,railyard-v0.2.0-macos-universal.dmg_last_3d_downloads,railyard-v0.2.0-macos-universal.dmg_last_7d_downloads,railyard-v0.2.0-macos-universal.zip_total_downloads,railyard-v0.2.0-macos-universal.zip_last_1d_downloads,railyard-v0.2.0-macos-universal.zip_last_3d_downloads,railyard-v0.2.0-macos-universal.zip_last_7d_downloads,railyard-v0.2.0-windows-amd64-installer.exe_total_downloads,railyard-v0.2.0-windows-amd64-installer.exe_last_1d_downloads,railyard-v0.2.0-windows-amd64-installer.exe_last_3d_downloads,railyard-v0.2.0-windows-amd64-installer.exe_last_7d_downloads,railyard-v0.2.0-windows-amd64-portable.zip_total_downloads,railyard-v0.2.0-windows-amd64-portable.zip_last_1d_downloads,railyard-v0.2.0-windows-amd64-portable.zip_last_3d_downloads,railyard-v0.2.0-windows-amd64-portable.zip_last_7d_downloads,railyard-v0.2.0-windows-arm64-installer.exe_total_downloads,railyard-v0.2.0-windows-arm64-installer.exe_last_1d_downloads,railyard-v0.2.0-windows-arm64-installer.exe_last_3d_downloads,railyard-v0.2.0-windows-arm64-installer.exe_last_7d_downloads,railyard-v0.2.0-windows-arm64-portable.zip_total_downloads,railyard-v0.2.0-windows-arm64-portable.zip_last_1d_downloads,railyard-v0.2.0-windows-arm64-portable.zip_last_3d_downloads,railyard-v0.2.0-windows-arm64-portable.zip_last_7d_downloads,railyard-v0.2.1-current-linux-amd64.flatpak_total_downloads,railyard-v0.2.1-current-linux-amd64.flatpak_last_1d_downloads,railyard-v0.2.1-current-linux-amd64.flatpak_last_3d_downloads,railyard-v0.2.1-current-linux-amd64.flatpak_last_7d_downloads,railyard-v0.2.1-macos-universal.dmg_total_downloads,railyard-v0.2.1-macos-universal.dmg_last_1d_downloads,railyard-v0.2.1-macos-universal.dmg_last_3d_downloads,railyard-v0.2.1-macos-universal.dmg_last_7d_downloads,railyard-v0.2.1-macos-universal.zip_total_downloads,railyard-v0.2.1-macos-universal.zip_last_1d_downloads,railyard-v0.2.1-macos-universal.zip_last_3d_downloads,railyard-v0.2.1-macos-universal.zip_last_7d_downloads,railyard-v0.2.1-windows-amd64-installer.exe_total_downloads,railyard-v0.2.1-windows-amd64-installer.exe_last_1d_downloads,railyard-v0.2.1-windows-amd64-installer.exe_last_3d_downloads,railyard-v0.2.1-windows-amd64-installer.exe_last_7d_downloads,railyard-v0.2.1-windows-amd64-portable.zip_total_downloads,railyard-v0.2.1-windows-amd64-portable.zip_last_1d_downloads,railyard-v0.2.1-windows-amd64-portable.zip_last_3d_downloads,railyard-v0.2.1-windows-amd64-portable.zip_last_7d_downloads,railyard-v0.2.1-windows-arm64-installer.exe_total_downloads,railyard-v0.2.1-windows-arm64-installer.exe_last_1d_downloads,railyard-v0.2.1-windows-arm64-installer.exe_last_3d_downloads,railyard-v0.2.1-windows-arm64-installer.exe_last_7d_downloads,railyard-v0.2.1-windows-arm64-portable.zip_total_downloads,railyard-v0.2.1-windows-arm64-portable.zip_last_1d_downloads,railyard-v0.2.1-windows-arm64-portable.zip_last_3d_downloads,railyard-v0.2.1-windows-arm64-portable.zip_last_7d_downloads,railyard-v0.2.2-current-linux-amd64.flatpak_total_downloads,railyard-v0.2.2-current-linux-amd64.flatpak_last_1d_downloads,railyard-v0.2.2-current-linux-amd64.flatpak_last_3d_downloads,railyard-v0.2.2-current-linux-amd64.flatpak_last_7d_downloads,railyard-v0.2.2-macos-universal.dmg_total_downloads,railyard-v0.2.2-macos-universal.dmg_last_1d_downloads,railyard-v0.2.2-macos-universal.dmg_last_3d_downloads,railyard-v0.2.2-macos-universal.dmg_last_7d_downloads,railyard-v0.2.2-macos-universal.zip_total_downloads,railyard-v0.2.2-macos-universal.zip_last_1d_downloads,railyard-v0.2.2-macos-universal.zip_last_3d_downloads,railyard-v0.2.2-macos-universal.zip_last_7d_downloads,railyard-v0.2.2-windows-amd64-installer.exe_total_downloads,railyard-v0.2.2-windows-amd64-installer.exe_last_1d_downloads,railyard-v0.2.2-windows-amd64-installer.exe_last_3d_downloads,railyard-v0.2.2-windows-amd64-installer.exe_last_7d_downloads,railyard-v0.2.2-windows-amd64-portable.zip_total_downloads,railyard-v0.2.2-windows-amd64-portable.zip_last_1d_downloads,railyard-v0.2.2-windows-amd64-portable.zip_last_3d_downloads,railyard-v0.2.2-windows-amd64-portable.zip_last_7d_downloads,railyard-v0.2.2-windows-arm64-installer.exe_total_downloads,railyard-v0.2.2-windows-arm64-installer.exe_last_1d_downloads,railyard-v0.2.2-windows-arm64-installer.exe_last_3d_downloads,railyard-v0.2.2-windows-arm64-installer.exe_last_7d_downloads,railyard-v0.2.2-windows-arm64-portable.zip_total_downloads,railyard-v0.2.2-windows-arm64-portable.zip_last_1d_downloads,railyard-v0.2.2-windows-arm64-portable.zip_last_3d_downloads,railyard-v0.2.2-windows-arm64-portable.zip_last_7d_downloads,railyard-v0.2.3-current-linux-amd64.flatpak_total_downloads,railyard-v0.2.3-current-linux-amd64.flatpak_last_1d_downloads,railyard-v0.2.3-current-linux-amd64.flatpak_last_3d_downloads,railyard-v0.2.3-current-linux-amd64.flatpak_last_7d_downloads,railyard-v0.2.3-macos-universal.dmg_total_downloads,railyard-v0.2.3-macos-universal.dmg_last_1d_downloads,railyard-v0.2.3-macos-universal.dmg_last_3d_downloads,railyard-v0.2.3-macos-universal.dmg_last_7d_downloads,railyard-v0.2.3-macos-universal.zip_total_downloads,railyard-v0.2.3-macos-universal.zip_last_1d_downloads,railyard-v0.2.3-macos-universal.zip_last_3d_downloads,railyard-v0.2.3-macos-universal.zip_last_7d_downloads,railyard-v0.2.3-windows-amd64-installer.exe_total_downloads,railyard-v0.2.3-windows-amd64-installer.exe_last_1d_downloads,railyard-v0.2.3-windows-amd64-installer.exe_last_3d_downloads,railyard-v0.2.3-windows-amd64-installer.exe_last_7d_downloads,railyard-v0.2.3-windows-amd64-portable.zip_total_downloads,railyard-v0.2.3-windows-amd64-portable.zip_last_1d_downloads,railyard-v0.2.3-windows-amd64-portable.zip_last_3d_downloads,railyard-v0.2.3-windows-amd64-portable.zip_last_7d_downloads,railyard-v0.2.3-windows-arm64-installer.exe_total_downloads,railyard-v0.2.3-windows-arm64-installer.exe_last_1d_downloads,railyard-v0.2.3-windows-arm64-installer.exe_last_3d_downloads,railyard-v0.2.3-windows-arm64-installer.exe_last_7d_downloads,railyard-v0.2.3-windows-arm64-portable.zip_total_downloads,railyard-v0.2.3-windows-arm64-portable.zip_last_1d_downloads,railyard-v0.2.3-windows-arm64-portable.zip_last_3d_downloads,railyard-v0.2.3-windows-arm64-portable.zip_last_7d_downloads,railyard-v0.2.4-current-linux-amd64.flatpak_total_downloads,railyard-v0.2.4-current-linux-amd64.flatpak_last_1d_downloads,railyard-v0.2.4-current-linux-amd64.flatpak_last_3d_downloads,railyard-v0.2.4-current-linux-amd64.flatpak_last_7d_downloads,railyard-v0.2.4-macos-universal.dmg_total_downloads,railyard-v0.2.4-macos-universal.dmg_last_1d_downloads,railyard-v0.2.4-macos-universal.dmg_last_3d_downloads,railyard-v0.2.4-macos-universal.dmg_last_7d_downloads,railyard-v0.2.4-macos-universal.zip_total_downloads,railyard-v0.2.4-macos-universal.zip_last_1d_downloads,railyard-v0.2.4-macos-universal.zip_last_3d_downloads,railyard-v0.2.4-macos-universal.zip_last_7d_downloads,railyard-v0.2.4-windows-amd64-installer.exe_total_downloads,railyard-v0.2.4-windows-amd64-installer.exe_last_1d_downloads,railyard-v0.2.4-windows-amd64-installer.exe_last_3d_downloads,railyard-v0.2.4-windows-amd64-installer.exe_last_7d_downloads,railyard-v0.2.4-windows-amd64-portable.zip_total_downloads,railyard-v0.2.4-windows-amd64-portable.zip_last_1d_downloads,railyard-v0.2.4-windows-amd64-portable.zip_last_3d_downloads,railyard-v0.2.4-windows-amd64-portable.zip_last_7d_downloads,railyard-v0.2.4-windows-arm64-installer.exe_total_downloads,railyard-v0.2.4-windows-arm64-installer.exe_last_1d_downloads,railyard-v0.2.4-windows-arm64-installer.exe_last_3d_downloads,railyard-v0.2.4-windows-arm64-installer.exe_last_7d_downloads,railyard-v0.2.4-windows-arm64-portable.zip_total_downloads,railyard-v0.2.4-windows-arm64-portable.zip_last_1d_downloads,railyard-v0.2.4-windows-arm64-portable.zip_last_3d_downloads,railyard-v0.2.4-windows-arm64-portable.zip_last_7d_downloads,railyard-v0.2.5-current-linux-amd64.flatpak_total_downloads,railyard-v0.2.5-current-linux-amd64.flatpak_last_1d_downloads,railyard-v0.2.5-current-linux-amd64.flatpak_last_3d_downloads,railyard-v0.2.5-current-linux-amd64.flatpak_last_7d_downloads,railyard-v0.2.5-macos-universal.dmg_total_downloads,railyard-v0.2.5-macos-universal.dmg_last_1d_downloads,railyard-v0.2.5-macos-universal.dmg_last_3d_downloads,railyard-v0.2.5-macos-universal.dmg_last_7d_downloads,railyard-v0.2.5-macos-universal.zip_total_downloads,railyard-v0.2.5-macos-universal.zip_last_1d_downloads,railyard-v0.2.5-macos-universal.zip_last_3d_downloads,railyard-v0.2.5-macos-universal.zip_last_7d_downloads,railyard-v0.2.5-windows-amd64-installer.exe_total_downloads,railyard-v0.2.5-windows-amd64-installer.exe_last_1d_downloads,railyard-v0.2.5-windows-amd64-installer.exe_last_3d_downloads,railyard-v0.2.5-windows-amd64-installer.exe_last_7d_downloads,railyard-v0.2.5-windows-amd64-portable.zip_total_downloads,railyard-v0.2.5-windows-amd64-portable.zip_last_1d_downloads,railyard-v0.2.5-windows-amd64-portable.zip_last_3d_downloads,railyard-v0.2.5-windows-amd64-portable.zip_last_7d_downloads,railyard-v0.2.5-windows-arm64-installer.exe_total_downloads,railyard-v0.2.5-windows-arm64-installer.exe_last_1d_downloads,railyard-v0.2.5-windows-arm64-installer.exe_last_3d_downloads,railyard-v0.2.5-windows-arm64-installer.exe_last_7d_downloads,railyard-v0.2.5-windows-arm64-portable.zip_total_downloads,railyard-v0.2.5-windows-arm64-portable.zip_last_1d_downloads,railyard-v0.2.5-windows-arm64-portable.zip_last_3d_downloads,railyard-v0.2.5-windows-arm64-portable.zip_last_7d_downloads,railyard-v0.2.6-current-linux-amd64.flatpak_total_downloads,railyard-v0.2.6-current-linux-amd64.flatpak_last_1d_downloads,railyard-v0.2.6-current-linux-amd64.flatpak_last_3d_downloads,railyard-v0.2.6-current-linux-amd64.flatpak_last_7d_downloads,railyard-v0.2.6-macos-universal.dmg_total_downloads,railyard-v0.2.6-macos-universal.dmg_last_1d_downloads,railyard-v0.2.6-macos-universal.dmg_last_3d_downloads,railyard-v0.2.6-macos-universal.dmg_last_7d_downloads,railyard-v0.2.6-macos-universal.zip_total_downloads,railyard-v0.2.6-macos-universal.zip_last_1d_downloads,railyard-v0.2.6-macos-universal.zip_last_3d_downloads,railyard-v0.2.6-macos-universal.zip_last_7d_downloads,railyard-v0.2.6-windows-amd64-installer.exe_total_downloads,railyard-v0.2.6-windows-amd64-installer.exe_last_1d_downloads,railyard-v0.2.6-windows-amd64-installer.exe_last_3d_downloads,railyard-v0.2.6-windows-amd64-installer.exe_last_7d_downloads,railyard-v0.2.6-windows-amd64-portable.zip_total_downloads,railyard-v0.2.6-windows-amd64-portable.zip_last_1d_downloads,railyard-v0.2.6-windows-amd64-portable.zip_last_3d_downloads,railyard-v0.2.6-windows-amd64-portable.zip_last_7d_downloads,railyard-v0.2.6-windows-arm64-installer.exe_total_downloads,railyard-v0.2.6-windows-arm64-installer.exe_last_1d_downloads,railyard-v0.2.6-windows-arm64-installer.exe_last_3d_downloads,railyard-v0.2.6-windows-arm64-installer.exe_last_7d_downloads,railyard-v0.2.6-windows-arm64-portable.zip_total_downloads,railyard-v0.2.6-windows-arm64-portable.zip_last_1d_downloads,railyard-v0.2.6-windows-arm64-portable.zip_last_3d_downloads,railyard-v0.2.6-windows-arm64-portable.zip_last_7d_downloads,railyard-v0.2.7-current-linux-amd64.flatpak_total_downloads,railyard-v0.2.7-current-linux-amd64.flatpak_last_1d_downloads,railyard-v0.2.7-current-linux-amd64.flatpak_last_3d_downloads,railyard-v0.2.7-current-linux-amd64.flatpak_last_7d_downloads,railyard-v0.2.7-macos-universal.dmg_total_downloads,railyard-v0.2.7-macos-universal.dmg_last_1d_downloads,railyard-v0.2.7-macos-universal.dmg_last_3d_downloads,railyard-v0.2.7-macos-universal.dmg_last_7d_downloads,railyard-v0.2.7-macos-universal.zip_total_downloads,railyard-v0.2.7-macos-universal.zip_last_1d_downloads,railyard-v0.2.7-macos-universal.zip_last_3d_downloads,railyard-v0.2.7-macos-universal.zip_last_7d_downloads,railyard-v0.2.7-windows-amd64-installer.exe_total_downloads,railyard-v0.2.7-windows-amd64-installer.exe_last_1d_downloads,railyard-v0.2.7-windows-amd64-installer.exe_last_3d_downloads,railyard-v0.2.7-windows-amd64-installer.exe_last_7d_downloads,railyard-v0.2.7-windows-amd64-portable.zip_total_downloads,railyard-v0.2.7-windows-amd64-portable.zip_last_1d_downloads,railyard-v0.2.7-windows-amd64-portable.zip_last_3d_downloads,railyard-v0.2.7-windows-amd64-portable.zip_last_7d_downloads,railyard-v0.2.7-windows-arm64-installer.exe_total_downloads,railyard-v0.2.7-windows-arm64-installer.exe_last_1d_downloads,railyard-v0.2.7-windows-arm64-installer.exe_last_3d_downloads,railyard-v0.2.7-windows-arm64-installer.exe_last_7d_downloads,railyard-v0.2.7-windows-arm64-portable.zip_total_downloads,railyard-v0.2.7-windows-arm64-portable.zip_last_1d_downloads,railyard-v0.2.7-windows-arm64-portable.zip_last_3d_downloads,railyard-v0.2.7-windows-arm64-portable.zip_last_7d_downloads,railyard-v0.2.8-current-linux-amd64.flatpak_total_downloads,railyard-v0.2.8-current-linux-amd64.flatpak_last_1d_downloads,railyard-v0.2.8-current-linux-amd64.flatpak_last_3d_downloads,railyard-v0.2.8-current-linux-amd64.flatpak_last_7d_downloads,railyard-v0.2.8-macos-universal.dmg_total_downloads,railyard-v0.2.8-macos-universal.dmg_last_1d_downloads,railyard-v0.2.8-macos-universal.dmg_last_3d_downloads,railyard-v0.2.8-macos-universal.dmg_last_7d_downloads,railyard-v0.2.8-macos-universal.zip_total_downloads,railyard-v0.2.8-macos-universal.zip_last_1d_downloads,railyard-v0.2.8-macos-universal.zip_last_3d_downloads,railyard-v0.2.8-macos-universal.zip_last_7d_downloads,railyard-v0.2.8-windows-amd64-installer.exe_total_downloads,railyard-v0.2.8-windows-amd64-installer.exe_last_1d_downloads,railyard-v0.2.8-windows-amd64-installer.exe_last_3d_downloads,railyard-v0.2.8-windows-amd64-installer.exe_last_7d_downloads,railyard-v0.2.8-windows-amd64-portable.zip_total_downloads,railyard-v0.2.8-windows-amd64-portable.zip_last_1d_downloads,railyard-v0.2.8-windows-amd64-portable.zip_last_3d_downloads,railyard-v0.2.8-windows-amd64-portable.zip_last_7d_downloads,railyard-v0.2.8-windows-arm64-installer.exe_total_downloads,railyard-v0.2.8-windows-arm64-installer.exe_last_1d_downloads,railyard-v0.2.8-windows-arm64-installer.exe_last_3d_downloads,railyard-v0.2.8-windows-arm64-installer.exe_last_7d_downloads,railyard-v0.2.8-windows-arm64-portable.zip_total_downloads,railyard-v0.2.8-windows-arm64-portable.zip_last_1d_downloads,railyard-v0.2.8-windows-arm64-portable.zip_last_3d_downloads,railyard-v0.2.8-windows-arm64-portable.zip_last_7d_downloads,railyard-v0.2.9-current-linux-amd64.flatpak_total_downloads,railyard-v0.2.9-current-linux-amd64.flatpak_last_1d_downloads,railyard-v0.2.9-current-linux-amd64.flatpak_last_3d_downloads,railyard-v0.2.9-current-linux-amd64.flatpak_last_7d_downloads,railyard-v0.2.9-macos-universal.dmg_total_downloads,railyard-v0.2.9-macos-universal.dmg_last_1d_downloads,railyard-v0.2.9-macos-universal.dmg_last_3d_downloads,railyard-v0.2.9-macos-universal.dmg_last_7d_downloads,railyard-v0.2.9-macos-universal.zip_total_downloads,railyard-v0.2.9-macos-universal.zip_last_1d_downloads,railyard-v0.2.9-macos-universal.zip_last_3d_downloads,railyard-v0.2.9-macos-universal.zip_last_7d_downloads,railyard-v0.2.9-windows-amd64-installer.exe_total_downloads,railyard-v0.2.9-windows-amd64-installer.exe_last_1d_downloads,railyard-v0.2.9-windows-amd64-installer.exe_last_3d_downloads,railyard-v0.2.9-windows-amd64-installer.exe_last_7d_downloads,railyard-v0.2.9-windows-amd64-portable.zip_total_downloads,railyard-v0.2.9-windows-amd64-portable.zip_last_1d_downloads,railyard-v0.2.9-windows-amd64-portable.zip_last_3d_downloads,railyard-v0.2.9-windows-amd64-portable.zip_last_7d_downloads,railyard-v0.2.9-windows-arm64-installer.exe_total_downloads,railyard-v0.2.9-windows-arm64-installer.exe_last_1d_downloads,railyard-v0.2.9-windows-arm64-installer.exe_last_3d_downloads,railyard-v0.2.9-windows-arm64-installer.exe_last_7d_downloads,railyard-v0.2.9-windows-arm64-portable.zip_total_downloads,railyard-v0.2.9-windows-arm64-portable.zip_last_1d_downloads,railyard-v0.2.9-windows-arm64-portable.zip_last_3d_downloads,railyard-v0.2.9-windows-arm64-portable.zip_last_7d_downloads
0.2.9,2249,293,954,2249,0,,,,0,,,,0,,,,0,,,,0,,,,0,,,,0,,,,0,,,,0,,,,0,,,,0,,,,0,,,,0,,,,0,,,,0,,,,0,,,,0,,,,0,,,,0,,,,0,,,,0,,,,0,,,,0,,,,0,,,,0,,,,0,,,,0,,,,0,,,,0,,,,0,,,,0,,,,0,,,,0,,,,0,,,,0,,,,0,,,,0,,,,0,,,,0,,,,0,,,,0,,,,0,,,,0,,,,0,,,,0,,,,0,,,,0,,,,0,,,,0,,,,0,,,,0,,,,0,,,,0,,,,0,,,,0,,,,0,,,,0,,,,0,,,,0,,,,0,,,,0,,,,0,,,,0,,,,0,,,,0,,,,0,,,,0,,,,0,,,,0,,,,0,,,,0,,,,0,,,,0,,,,0,,,,0,,,,0,,,,0,,,,0,,,,0,,,,0,,,,0,,,,0,,,,0,,,,0,,,,0,,,,0,,,,0,,,,0,,,,0,,,,0,,,,0,,,,0,,,,0,,,,0,,,,0,,,,0,,,,0,,,,0,,,,0,,,,0,,,,0,,,,0,,,,0,,,,0,,,,0,,,,0,,,,0,,,,0,,,,0,,,,0,,,,0,,,,63,9,25,63,547,79,269,547,37,6,17,37,1516,188,615,1516,59,11,25,59,25,0,3,25,2,0,0,2
0.2.8,3801,2,6,472,0,,,,0,,,,0,,,,0,,,,0,,,,0,,,,0,,,,0,,,,0,,,,0,,,,0,,,,0,,,,0,,,,0,,,,0,,,,0,,,,0,,,,0,,,,0,,,,0,,,,0,,,,0,,,,0,,,,0,,,,0,,,,0,,,,0,,,,0,,,,0,,,,0,,,,0,,,,0,,,,0,,,,0,,,,0,,,,0,,,,0,,,,0,,,,0,,,,0,,,,0,,,,0,,,,0,,,,0,,,,0,,,,0,,,,0,,,,0,,,,0,,,,0,,,,0,,,,0,,,,0,,,,0,,,,0,,,,0,,,,0,,,,0,,,,0,,,,0,,,,0,,,,0,,,,0,,,,0,,,,0,,,,0,,,,0,,,,0,,,,0,,,,0,,,,0,,,,0,,,,0,,,,0,,,,0,,,,0,,,,0,,,,0,,,,0,,,,0,,,,0,,,,0,,,,0,,,,0,,,,0,,,,0,,,,0,,,,0,,,,0,,,,0,,,,0,,,,0,,,,0,,,,0,,,,0,,,,0,,,,0,,,,0,,,,0,,,,0,,,,0,,,,0,,,,0,,,,0,,,,173,0,2,19,943,0,1,145,103,0,0,19,2383,2,3,263,147,0,0,18,45,0,0,6,7,0,0,2,0,,,,0,,,,0,,,,0,,,,0,,,,0,,,,0,,,
0.2.7,1929,0,0,0,0,,,,0,,,,0,,,,0,,,,0,,,,0,,,,0,,,,0,,,,0,,,,0,,,,0,,,,0,,,,0,,,,0,,,,0,,,,0,,,,0,,,,0,,,,0,,,,0,,,,0,,,,0,,,,0,,,,0,,,,0,,,,0,,,,0,,,,0,,,,0,,,,0,,,,0,,,,0,,,,0,,,,0,,,,0,,,,0,,,,0,,,,0,,,,0,,,,0,,,,0,,,,0,,,,0,,,,0,,,,0,,,,0,,,,0,,,,0,,,,0,,,,0,,,,0,,,,0,,,,0,,,,0,,,,0,,,,0,,,,0,,,,0,,,,0,,,,0,,,,0,,,,0,,,,0,,,,0,,,,0,,,,0,,,,0,,,,0,,,,0,,,,0,,,,0,,,,0,,,,0,,,,0,,,,0,,,,0,,,,0,,,,0,,,,0,,,,0,,,,0,,,,0,,,,0,,,,0,,,,0,,,,0,,,,0,,,,0,,,,0,,,,0,,,,0,,,,0,,,,0,,,,0,,,,0,,,,0,,,,0,,,,49,0,0,0,572,0,0,0,40,0,0,0,1205,0,0,0,35,0,0,0,26,0,0,0,2,0,0,0,0,,,,0,,,,0,,,,0,,,,0,,,,0,,,,0,,,,0,,,,0,,,,0,,,,0,,,,0,,,,0,,,,0,,,
0.2.6,1269,0,0,0,0,,,,0,,,,0,,,,0,,,,0,,,,0,,,,0,,,,0,,,,0,,,,0,,,,0,,,,0,,,,0,,,,0,,,,0,,,,0,,,,0,,,,0,,,,0,,,,0,,,,0,,,,0,,,,0,,,,0,,,,0,,,,0,,,,0,,,,0,,,,0,,,,0,,,,0,,,,0,,,,0,,,,0,,,,0,,,,0,,,,0,,,,0,,,,0,,,,0,,,,0,,,,0,,,,0,,,,0,,,,0,,,,0,,,,0,,,,0,,,,0,,,,0,,,,0,,,,0,,,,0,,,,0,,,,0,,,,0,,,,0,,,,0,,,,0,,,,0,,,,0,,,,0,,,,0,,,,0,,,,0,,,,0,,,,0,,,,0,,,,0,,,,0,,,,0,,,,0,,,,0,,,,0,,,,0,,,,0,,,,0,,,,0,,,,0,,,,0,,,,0,,,,0,,,,0,,,,0,,,,0,,,,0,,,,0,,,,0,,,,0,,,,0,,,,39,0,0,0,369,0,0,0,14,0,0,0,812,0,0,0,14,0,0,0,17,0,0,0,4,0,0,0,0,,,,0,,,,0,,,,0,,,,0,,,,0,,,,0,,,,0,,,,0,,,,0,,,,0,,,,0,,,,0,,,,0,,,,0,,,,0,,,,0,,,,0,,,,0,,,,0,,,,0,,,
0.2.5,1499,0,0,0,0,,,,0,,,,0,,,,0,,,,0,,,,0,,,,0,,,,0,,,,0,,,,0,,,,0,,,,0,,,,0,,,,0,,,,0,,,,0,,,,0,,,,0,,,,0,,,,0,,,,0,,,,0,,,,0,,,,0,,,,0,,,,0,,,,0,,,,0,,,,0,,,,0,,,,0,,,,0,,,,0,,,,0,,,,0,,,,0,,,,0,,,,0,,,,0,,,,0,,,,0,,,,0,,,,0,,,,0,,,,0,,,,0,,,,0,,,,0,,,,0,,,,0,,,,0,,,,0,,,,0,,,,0,,,,0,,,,0,,,,0,,,,0,,,,0,,,,0,,,,0,,,,0,,,,0,,,,0,,,,0,,,,0,,,,0,,,,0,,,,0,,,,0,,,,0,,,,0,,,,0,,,,0,,,,0,,,,0,,,,0,,,,0,,,,0,,,,0,,,,0,,,,0,,,,0,,,,46,0,0,0,441,0,0,0,35,0,0,0,949,0,0,0,12,0,0,0,15,0,0,0,1,0,0,0,0,,,,0,,,,0,,,,0,,,,0,,,,0,,,,0,,,,0,,,,0,,,,0,,,,0,,,,0,,,,0,,,,0,,,,0,,,,0,,,,0,,,,0,,,,0,,,,0,,,,0,,,,0,,,,0,,,,0,,,,0,,,,0,,,,0,,,,0,,,
0.2.4,972,0,0,1,0,,,,0,,,,0,,,,0,,,,0,,,,0,,,,0,,,,0,,,,0,,,,0,,,,0,,,,0,,,,0,,,,0,,,,0,,,,0,,,,0,,,,0,,,,0,,,,0,,,,0,,,,0,,,,0,,,,0,,,,0,,,,0,,,,0,,,,0,,,,0,,,,0,,,,0,,,,0,,,,0,,,,0,,,,0,,,,0,,,,0,,,,0,,,,0,,,,0,,,,0,,,,0,,,,0,,,,0,,,,0,,,,0,,,,0,,,,0,,,,0,,,,0,,,,0,,,,0,,,,0,,,,0,,,,0,,,,0,,,,0,,,,0,,,,0,,,,0,,,,0,,,,0,,,,0,,,,0,,,,0,,,,0,,,,0,,,,0,,,,0,,,,0,,,,0,,,,0,,,,0,,,,0,,,,0,,,,0,,,,22,0,0,1,273,0,0,0,13,0,0,0,634,0,0,0,15,0,0,0,13,0,0,0,2,0,0,0,0,,,,0,,,,0,,,,0,,,,0,,,,0,,,,0,,,,0,,,,0,,,,0,,,,0,,,,0,,,,0,,,,0,,,,0,,,,0,,,,0,,,,0,,,,0,,,,0,,,,0,,,,0,,,,0,,,,0,,,,0,,,,0,,,,0,,,,0,,,,0,,,,0,,,,0,,,,0,,,,0,,,,0,,,,0,,,
0.2.3,7755,0,0,1,0,,,,0,,,,0,,,,0,,,,0,,,,0,,,,0,,,,0,,,,0,,,,0,,,,0,,,,0,,,,0,,,,0,,,,0,,,,0,,,,0,,,,0,,,,0,,,,0,,,,0,,,,0,,,,0,,,,0,,,,0,,,,0,,,,0,,,,0,,,,0,,,,0,,,,0,,,,0,,,,0,,,,0,,,,0,,,,0,,,,0,,,,0,,,,0,,,,0,,,,0,,,,0,,,,0,,,,0,,,,0,,,,0,,,,0,,,,0,,,,0,,,,0,,,,0,,,,0,,,,0,,,,0,,,,0,,,,0,,,,0,,,,0,,,,0,,,,0,,,,0,,,,0,,,,0,,,,0,,,,0,,,,0,,,,0,,,,0,,,,0,,,,185,0,0,0,2538,0,0,0,212,0,0,0,4441,0,0,0,233,0,0,0,119,0,0,1,27,0,0,0,0,,,,0,,,,0,,,,0,,,,0,,,,0,,,,0,,,,0,,,,0,,,,0,,,,0,,,,0,,,,0,,,,0,,,,0,,,,0,,,,0,,,,0,,,,0,,,,0,,,,0,,,,0,,,,0,,,,0,,,,0,,,,0,,,,0,,,,0,,,,0,,,,0,,,,0,,,,0,,,,0,,,,0,,,,0,,,,0,,,,0,,,,0,,,,0,,,,0,,,,0,,,,0,,,
0.2.2,2763,0,0,0,0,,,,0,,,,0,,,,0,,,,0,,,,0,,,,0,,,,0,,,,0,,,,0,,,,0,,,,0,,,,0,,,,0,,,,0,,,,0,,,,0,,,,0,,,,0,,,,0,,,,0,,,,0,,,,0,,,,0,,,,0,,,,0,,,,0,,,,0,,,,0,,,,0,,,,0,,,,0,,,,0,,,,0,,,,0,,,,0,,,,0,,,,0,,,,0,,,,0,,,,0,,,,0,,,,0,,,,0,,,,0,,,,0,,,,0,,,,0,,,,0,,,,0,,,,0,,,,0,,,,0,,,,0,,,,0,,,,0,,,,0,,,,0,,,,0,,,,0,,,,0,,,,0,,,,74,0,0,0,736,0,0,0,58,0,0,0,1771,0,0,0,83,0,0,0,36,0,0,0,5,0,0,0,0,,,,0,,,,0,,,,0,,,,0,,,,0,,,,0,,,,0,,,,0,,,,0,,,,0,,,,0,,,,0,,,,0,,,,0,,,,0,,,,0,,,,0,,,,0,,,,0,,,,0,,,,0,,,,0,,,,0,,,,0,,,,0,,,,0,,,,0,,,,0,,,,0,,,,0,,,,0,,,,0,,,,0,,,,0,,,,0,,,,0,,,,0,,,,0,,,,0,,,,0,,,,0,,,,0,,,,0,,,,0,,,,0,,,,0,,,,0,,,,0,,,
0.2.1,1138,0,0,0,0,,,,0,,,,0,,,,0,,,,0,,,,0,,,,0,,,,0,,,,0,,,,0,,,,0,,,,0,,,,0,,,,0,,,,0,,,,0,,,,0,,,,0,,,,0,,,,0,,,,0,,,,0,,,,0,,,,0,,,,0,,,,0,,,,0,,,,0,,,,0,,,,0,,,,0,,,,0,,,,0,,,,0,,,,0,,,,0,,,,0,,,,0,,,,0,,,,0,,,,0,,,,0,,,,0,,,,0,,,,0,,,,0,,,,0,,,,0,,,,0,,,,0,,,,0,,,,0,,,,0,,,,0,,,,0,,,,19,0,0,0,236,0,0,0,25,0,0,0,820,0,0,0,20,0,0,0,16,0,0,0,2,0,0,0,0,,,,0,,,,0,,,,0,,,,0,,,,0,,,,0,,,,0,,,,0,,,,0,,,,0,,,,0,,,,0,,,,0,,,,0,,,,0,,,,0,,,,0,,,,0,,,,0,,,,0,,,,0,,,,0,,,,0,,,,0,,,,0,,,,0,,,,0,,,,0,,,,0,,,,0,,,,0,,,,0,,,,0,,,,0,,,,0,,,,0,,,,0,,,,0,,,,0,,,,0,,,,0,,,,0,,,,0,,,,0,,,,0,,,,0,,,,0,,,,0,,,,0,,,,0,,,,0,,,,0,,,,0,,,,0,,,,0,,,
0.2.0,1777,0,0,0,0,,,,0,,,,0,,,,0,,,,0,,,,0,,,,0,,,,0,,,,0,,,,0,,,,0,,,,0,,,,0,,,,0,,,,0,,,,0,,,,0,,,,0,,,,0,,,,0,,,,0,,,,0,,,,0,,,,0,,,,0,,,,0,,,,0,,,,0,,,,0,,,,0,,,,0,,,,0,,,,0,,,,0,,,,0,,,,0,,,,0,,,,0,,,,0,,,,0,,,,0,,,,0,,,,0,,,,0,,,,0,,,,0,,,,0,,,,0,,,,54,0,0,0,642,0,0,0,35,0,0,0,1006,0,0,0,20,0,0,0,16,0,0,0,4,0,0,0,0,,,,0,,,,0,,,,0,,,,0,,,,0,,,,0,,,,0,,,,0,,,,0,,,,0,,,,0,,,,0,,,,0,,,,0,,,,0,,,,0,,,,0,,,,0,,,,0,,,,0,,,,0,,,,0,,,,0,,,,0,,,,0,,,,0,,,,0,,,,0,,,,0,,,,0,,,,0,,,,0,,,,0,,,,0,,,,0,,,,0,,,,0,,,,0,,,,0,,,,0,,,,0,,,,0,,,,0,,,,0,,,,0,,,,0,,,,0,,,,0,,,,0,,,,0,,,,0,,,,0,,,,0,,,,0,,,,0,,,,0,,,,0,,,,0,,,,0,,,,0,,,,0,,,,0,,,
0.1.6,786,0,0,0,0,,,,0,,,,0,,,,0,,,,0,,,,0,,,,0,,,,0,,,,0,,,,0,,,,0,,,,0,,,,0,,,,0,,,,0,,,,0,,,,0,,,,0,,,,0,,,,0,,,,0,,,,0,,,,0,,,,0,,,,0,,,,0,,,,0,,,,0,,,,0,,,,0,,,,0,,,,0,,,,0,,,,0,,,,0,,,,0,,,,0,,,,0,,,,0,,,,0,,,,0,,,,25,0,0,0,218,0,0,0,26,0,0,0,477,0,0,0,21,0,0,0,18,0,0,0,1,0,0,0,0,,,,0,,,,0,,,,0,,,,0,,,,0,,,,0,,,,0,,,,0,,,,0,,,,0,,,,0,,,,0,,,,0,,,,0,,,,0,,,,0,,,,0,,,,0,,,,0,,,,0,,,,0,,,,0,,,,0,,,,0,,,,0,,,,0,,,,0,,,,0,,,,0,,,,0,,,,0,,,,0,,,,0,,,,0,,,,0,,,,0,,,,0,,,,0,,,,0,,,,0,,,,0,,,,0,,,,0,,,,0,,,,0,,,,0,,,,0,,,,0,,,,0,,,,0,,,,0,,,,0,,,,0,,,,0,,,,0,,,,0,,,,0,,,,0,,,,0,,,,0,,,,0,,,,0,,,,0,,,,0,,,,0,,,,0,,,,0,,,,0,,,,0,,,
0.1.5,247,0,0,0,0,,,,0,,,,0,,,,0,,,,0,,,,0,,,,0,,,,0,,,,0,,,,0,,,,0,,,,0,,,,0,,,,0,,,,0,,,,0,,,,0,,,,0,,,,0,,,,0,,,,0,,,,0,,,,0,,,,0,,,,0,,,,0,,,,0,,,,0,,,,0,,,,0,,,,0,,,,0,,,,0,,,,0,,,,19,0,0,0,75,0,0,0,12,0,0,0,133,0,0,0,4,0,0,0,4,0,0,0,0,0,0,0,0,,,,0,,,,0,,,,0,,,,0,,,,0,,,,0,,,,0,,,,0,,,,0,,,,0,,,,0,,,,0,,,,0,,,,0,,,,0,,,,0,,,,0,,,,0,,,,0,,,,0,,,,0,,,,0,,,,0,,,,0,,,,0,,,,0,,,,0,,,,0,,,,0,,,,0,,,,0,,,,0,,,,0,,,,0,,,,0,,,,0,,,,0,,,,0,,,,0,,,,0,,,,0,,,,0,,,,0,,,,0,,,,0,,,,0,,,,0,,,,0,,,,0,,,,0,,,,0,,,,0,,,,0,,,,0,,,,0,,,,0,,,,0,,,,0,,,,0,,,,0,,,,0,,,,0,,,,0,,,,0,,,,0,,,,0,,,,0,,,,0,,,,0,,,,0,,,,0,,,,0,,,,0,,,,0,,,,0,,,,0,,,
0.1.4,72,0,0,0,0,,,,0,,,,0,,,,0,,,,0,,,,0,,,,0,,,,0,,,,0,,,,0,,,,0,,,,0,,,,0,,,,0,,,,0,,,,0,,,,0,,,,0,,,,0,,,,0,,,,0,,,,0,,,,0,,,,0,,,,0,,,,0,,,,0,,,,3,0,0,0,11,0,0,0,3,0,0,0,50,0,0,0,2,0,0,0,3,0,0,0,0,0,0,0,0,,,,0,,,,0,,,,0,,,,0,,,,0,,,,0,,,,0,,,,0,,,,0,,,,0,,,,0,,,,0,,,,0,,,,0,,,,0,,,,0,,,,0,,,,0,,,,0,,,,0,,,,0,,,,0,,,,0,,,,0,,,,0,,,,0,,,,0,,,,0,,,,0,,,,0,,,,0,,,,0,,,,0,,,,0,,,,0,,,,0,,,,0,,,,0,,,,0,,,,0,,,,0,,,,0,,,,0,,,,0,,,,0,,,,0,,,,0,,,,0,,,,0,,,,0,,,,0,,,,0,,,,0,,,,0,,,,0,,,,0,,,,0,,,,0,,,,0,,,,0,,,,0,,,,0,,,,0,,,,0,,,,0,,,,0,,,,0,,,,0,,,,0,,,,0,,,,0,,,,0,,,,0,,,,0,,,,0,,,,0,,,,0,,,,0,,,,0,,,,0,,,,0,,,,0,,,,0,,,
0.1.3,372,0,0,0,0,,,,0,,,,0,,,,0,,,,0,,,,0,,,,0,,,,0,,,,0,,,,0,,,,0,,,,0,,,,0,,,,0,,,,0,,,,0,,,,0,,,,0,,,,0,,,,13,0,0,0,6,0,0,0,108,0,0,0,26,0,0,0,203,0,0,0,4,0,0,0,11,0,0,0,1,0,0,0,0,,,,0,,,,0,,,,0,,,,0,,,,0,,,,0,,,,0,,,,0,,,,0,,,,0,,,,0,,,,0,,,,0,,,,0,,,,0,,,,0,,,,0,,,,0,,,,0,,,,0,,,,0,,,,0,,,,0,,,,0,,,,0,,,,0,,,,0,,,,0,,,,0,,,,0,,,,0,,,,0,,,,0,,,,0,,,,0,,,,0,,,,0,,,,0,,,,0,,,,0,,,,0,,,,0,,,,0,,,,0,,,,0,,,,0,,,,0,,,,0,,,,0,,,,0,,,,0,,,,0,,,,0,,,,0,,,,0,,,,0,,,,0,,,,0,,,,0,,,,0,,,,0,,,,0,,,,0,,,,0,,,,0,,,,0,,,,0,,,,0,,,,0,,,,0,,,,0,,,,0,,,,0,,,,0,,,,0,,,,0,,,,0,,,,0,,,,0,,,,0,,,,0,,,,0,,,,0,,,,0,,,,0,,,,0,,,,0,,,,0,,,,0,,,,0,,,
0.1.2,378,0,0,0,0,,,,0,,,,0,,,,0,,,,0,,,,0,,,,0,,,,0,,,,0,,,,0,,,,0,,,,0,,,,18,0,0,0,112,0,0,0,19,0,0,0,198,0,0,0,15,0,0,0,11,0,0,0,5,0,0,0,0,,,,0,,,,0,,,,0,,,,0,,,,0,,,,0,,,,0,,,,0,,,,0,,,,0,,,,0,,,,0,,,,0,,,,0,,,,0,,,,0,,,,0,,,,0,,,,0,,,,0,,,,0,,,,0,,,,0,,,,0,,,,0,,,,0,,,,0,,,,0,,,,0,,,,0,,,,0,,,,0,,,,0,,,,0,,,,0,,,,0,,,,0,,,,0,,,,0,,,,0,,,,0,,,,0,,,,0,,,,0,,,,0,,,,0,,,,0,,,,0,,,,0,,,,0,,,,0,,,,0,,,,0,,,,0,,,,0,,,,0,,,,0,,,,0,,,,0,,,,0,,,,0,,,,0,,,,0,,,,0,,,,0,,,,0,,,,0,,,,0,,,,0,,,,0,,,,0,,,,0,,,,0,,,,0,,,,0,,,,0,,,,0,,,,0,,,,0,,,,0,,,,0,,,,0,,,,0,,,,0,,,,0,,,,0,,,,0,,,,0,,,,0,,,,0,,,,0,,,,0,,,,0,,,,0,,,,0,,,,0,,,,0,,,,0,,,
0.1.1,105,0,0,2,0,,,,0,,,,0,,,,0,,,,0,,,,4,0,0,0,24,0,0,0,4,0,0,0,61,0,0,0,3,0,0,1,7,0,0,1,2,0,0,0,0,,,,0,,,,0,,,,0,,,,0,,,,0,,,,0,,,,0,,,,0,,,,0,,,,0,,,,0,,,,0,,,,0,,,,0,,,,0,,,,0,,,,0,,,,0,,,,0,,,,0,,,,0,,,,0,,,,0,,,,0,,,,0,,,,0,,,,0,,,,0,,,,0,,,,0,,,,0,,,,0,,,,0,,,,0,,,,0,,,,0,,,,0,,,,0,,,,0,,,,0,,,,0,,,,0,,,,0,,,,0,,,,0,,,,0,,,,0,,,,0,,,,0,,,,0,,,,0,,,,0,,,,0,,,,0,,,,0,,,,0,,,,0,,,,0,,,,0,,,,0,,,,0,,,,0,,,,0,,,,0,,,,0,,,,0,,,,0,,,,0,,,,0,,,,0,,,,0,,,,0,,,,0,,,,0,,,,0,,,,0,,,,0,,,,0,,,,0,,,,0,,,,0,,,,0,,,,0,,,,0,,,,0,,,,0,,,,0,,,,0,,,,0,,,,0,,,,0,,,,0,,,,0,,,,0,,,,0,,,,0,,,,0,,,,0,,,,0,,,,0,,,,0,,,,0,,,,0,,,,0,,,,0,,,
0.1.0,11,0,0,0,1,0,0,0,2,0,0,0,1,0,0,0,6,0,0,0,1,0,0,0,0,,,,0,,,,0,,,,0,,,,0,,,,0,,,,0,,,,0,,,,0,,,,0,,,,0,,,,0,,,,0,,,,0,,,,0,,,,0,,,,0,,,,0,,,,0,,,,0,,,,0,,,,0,,,,0,,,,0,,,,0,,,,0,,,,0,,,,0,,,,0,,,,0,,,,0,,,,0,,,,0,,,,0,,,,0,,,,0,,,,0,,,,0,,,,0,,,,0,,,,0,,,,0,,,,0,,,,0,,,,0,,,,0,,,,0,,,,0,,,,0,,,,0,,,,0,,,,0,,,,0,,,,0,,,,0,,,,0,,,,0,,,,0,,,,0,,,,0,,,,0,,,,0,,,,0,,,,0,,,,0,,,,0,,,,0,,,,0,,,,0,,,,0,,,,0,,,,0,,,,0,,,,0,,,,0,,,,0,,,,0,,,,0,,,,0,,,,0,,,,0,,,,0,,,,0,,,,0,,,,0,,,,0,,,,0,,,,0,,,,0,,,,0,,,,0,,,,0,,,,0,,,,0,,,,0,,,,0,,,,0,,,,0,,,,0,,,,0,,,,0,,,,0,,,,0,,,,0,,,,0,,,,0,,,,0,,,,0,,,,0,,,,0,,,,0,,,,0,,,,0,,,
