bucket_utc,listing_type,id,downloads
2026-10-03T18:00Z,map,aachen,32
2026-10-03T18:00Z,map,abu-dhabi,44
2026-10-03T18:00Z,map,akron-oh,113
2026-10-03T18:00Z,map,albany,117
2026-10-03T18:00Z,map,aleppo,20
2026-10-03T18:00Z,map,alexandria,58
2026-10-03T18:00Z,map,alicante,21
2026-10-03T18:00Z,map,amba,20
2026-10-03T18:00Z,map,amiens,17
2026-10-03T18:00Z,map,amsterdam,115
2026-10-03T18:00Z,map,anchorage-ak,115
2026-10-03T18:00Z,map,angers,12
2026-10-03T18:00Z,map,ankara,38
2026-10-03T18:00Z,map,antalya,24
2026-10-03T18:00Z,map,arc-mediterraneen,25
2026-10-03T18:00Z,map,au-adelaide,60
2026-10-03T18:00Z,map,au-brisbane,106
2026-10-03T18:00Z,map,au-canberra,43
2026-10-03T18:00Z,map,au-melbourne,137
2026-10-03T18:00Z,map,au-perth,66
2026-10-03T18:00Z,map,au-syd2,102
2026-10-03T18:00Z,map,augsburg,27
2026-10-03T18:00Z,map,baghdad,124
2026-10-03T18:00Z,map,baltimore-dc-corridor,70
2026-10-03T18:00Z,map,bangkok,3
2026-10-03T18:00Z,map,barcelona,142
2026-10-03T18:00Z,map,bari,14
2026-10-03T18:00Z,map,beijing,112
2026-10-03T18:00Z,map,beirut,42
2026-10-03T18:00Z,map,bergen-stavanger-no,45
2026-10-03T18:00Z,map,berlin-val,253
2026-10-03T18:00Z,map,besancon,10
2026-10-03T18:00Z,map,bielefeld,25
2026-10-03T18:00Z,map,bilbao,49
2026-10-03T18:00Z,map,bologna,17
2026-10-03T18:00Z,map,bonn-koeln,119
2026-10-03T18:00Z,map,bordeaux-arcachon-libourne,35
2026-10-03T18:00Z,map,bremen,55
2026-10-03T18:00Z,map,brest,16
2026-10-03T18:00Z,map,brussels,58
2026-10-03T18:00Z,map,bucharest-medium,5
2026-10-03T18:00Z,map,buffalo-ny,118
2026-10-03T18:00Z,map,busan-3,56
2026-10-03T18:00Z,map,busan-4,38
2026-10-03T18:00Z,map,caen,11
2026-10-03T18:00Z,map,cairo,34
2026-10-03T18:00Z,map,calais-dunkerque,18
2026-10-03T18:00Z,map,calgary,52
2026-10-03T18:00Z,map,cape-town,47
2026-10-03T18:00Z,map,catania,16
2026-10-03T18:00Z,map,cdmx-core,26
2026-10-03T18:00Z,map,charleston-huntington-wv,115
2026-10-03T18:00Z,map,charleston-sc,115
2026-10-03T18:00Z,map,chemnitz,18
2026-10-03T18:00Z,map,chongqing,124
2026-10-03T18:00Z,map,ciudad-de-mexico,111
2026-10-03T18:00Z,map,ciudad-juarez-el-paso,20
2026-10-03T18:00Z,map,colorado-ski-country,113
2026-10-03T18:00Z,map,connecticut-usa,113
2026-10-03T18:00Z,map,corse,41
2026-10-03T18:00Z,map,daegu-3,1
2026-10-03T18:00Z,map,daegu-4,1
2026-10-03T18:00Z,map,daejeon-3,2
2026-10-03T18:00Z,map,daejeon-4,2
2026-10-03T18:00Z,map,damascus,31
2026-10-03T18:00Z,map,dayton-oh,113
2026-10-03T18:00Z,map,daytonatti,114
2026-10-03T18:00Z,map,dijon,13
2026-10-03T18:00Z,map,doha,41
2026-10-03T18:00Z,map,dresden,51
2026-10-03T18:00Z,map,dubai,44
2026-10-03T18:00Z,map,edmonton,44
2026-10-03T18:00Z,map,erbil,10
2026-10-03T18:00Z,map,erfurt,21
2026-10-03T18:00Z,map,eurodistrict-bale,49
2026-10-03T18:00Z,map,florence,27
2026-10-03T18:00Z,map,freiburg,35
2026-10-03T18:00Z,map,garda-lake,21
2026-10-03T18:00Z,map,genoa,80
2026-10-03T18:00Z,map,glasgow-edinburgh,3
2026-10-03T18:00Z,map,grand-geneve,80
2026-10-03T18:00Z,map,greater-baltimore,20
2026-10-03T18:00Z,map,greater-chicagoland,70
2026-10-03T18:00Z,map,greater-kuala-lumpur,67
2026-10-03T18:00Z,map,greater-los-angeles,101
2026-10-03T18:00Z,map,greater-newyork,2
2026-10-03T18:00Z,map,greater-portland,23
2026-10-03T18:00Z,map,greatertwincities,21
2026-10-03T18:00Z,map,guadalajara,33
2026-10-03T18:00Z,map,guadeloupe,23
2026-10-03T18:00Z,map,guangzhou,83
2026-10-03T18:00Z,map,guyane,17
2026-10-03T18:00Z,map,gwangju-3,1
2026-10-03T18:00Z,map,gwangju-4,1
2026-10-03T18:00Z,map,hamburg,168
2026-10-03T18:00Z,map,hannover-braunschweig,45
2026-10-03T18:00Z,map,helsinki,115
2026-10-03T18:00Z,map,ile-de-france,18
2026-10-03T18:00Z,map,incheon-3,47
2026-10-03T18:00Z,map,incheon-4,9
2026-10-03T18:00Z,map,istanbul,140
2026-10-03T18:00Z,map,jacksonville,21
2026-10-03T18:00Z,map,jeddah-mecca,35
2026-10-03T18:00Z,map,jeju-3,41
2026-10-03T18:00Z,map,jeju-4,2
2026-10-03T18:00Z,map,jeju-f,10
2026-10-03T18:00Z,map,jelegend-tokyo,86
2026-10-03T18:00Z,map,jerusalem,115
2026-10-03T18:00Z,map,johor-bahru,112
2026-10-03T18:00Z,map,kiel,27
2026-10-03T18:00Z,map,knoxville,15
2026-10-03T18:00Z,map,kristiansand-no,18
2026-10-03T18:00Z,map,kuwait-city,24
2026-10-03T18:00Z,map,la-rochelle,10
2026-10-03T18:00Z,map,le-havre,9
2026-10-03T18:00Z,map,le-mans,14
2026-10-03T18:00Z,map,lille,57
2026-10-03T18:00Z,map,limoges,7
2026-10-03T18:00Z,map,los-angeles-county,17
2026-10-03T18:00Z,map,louisville,115
2026-10-03T18:00Z,map,luebeck,22
2026-10-03T18:00Z,map,lyon,44
2026-10-03T18:00Z,map,madrid,148
2026-10-03T18:00Z,map,magdeburg,19
2026-10-03T18:00Z,map,marseille,24
2026-10-03T18:00Z,map,martinique,22
2026-10-03T18:00Z,map,mashhad,13
2026-10-03T18:00Z,map,memphis,22
2026-10-03T18:00Z,map,metz-nancy,21
2026-10-03T18:00Z,map,mexicali,11
2026-10-03T18:00Z,map,mfn-hamptonroads,30
2026-10-03T18:00Z,map,mfn-hong-kong,204
2026-10-03T18:00Z,map,mfn-lasvegas,115
2026-10-03T18:00Z,map,mfn-madisonwi,115
2026-10-03T18:00Z,map,mfn-msy,113
2026-10-03T18:00Z,map,mfn-northwestar,113
2026-10-03T18:00Z,map,mfn-rdu,113
2026-10-03T18:00Z,map,mfn-rsw,8
2026-10-03T18:00Z,map,milan,92
2026-10-03T18:00Z,map,mississippi,44
2026-10-03T18:00Z,map,moenchengladbach,18
2026-10-03T18:00Z,map,monterrey,37
2026-10-03T18:00Z,map,montreal,223
2026-10-03T18:00Z,map,mosul,13
2026-10-03T18:00Z,map,muenchen,173
2026-10-03T18:00Z,map,muscat,21
2026-10-03T18:00Z,map,nantes,29
2026-10-03T18:00Z,map,naples,46
2026-10-03T18:00Z,map,nashville,114
2026-10-03T18:00Z,map,nice-cote-d-azur,28
2026-10-03T18:00Z,map,nuernberg,36
2026-10-03T18:00Z,map,nz-auckland,120
2026-10-03T18:00Z,map,nz-christchurch,42
2026-10-03T18:00Z,map,nz-wellington,175
2026-10-03T18:00Z,map,oklahoma-city,32
2026-10-03T18:00Z,map,opo-pt-metropolitan,52
2026-10-03T18:00Z,map,orange-county,10
2026-10-03T18:00Z,map,orlando,40
2026-10-03T18:00Z,map,orleans,14
2026-10-03T18:00Z,map,oslo-no,90
2026-10-03T18:00Z,map,ottawa,79
2026-10-03T18:00Z,map,palermo,17
2026-10-03T18:00Z,map,palma-de-mallorca,33
2026-10-03T18:00Z,map,paris-ile-de-france,136
2026-10-03T18:00Z,map,pau,14
2026-10-03T18:00Z,map,pays-basque,22
2026-10-03T18:00Z,map,pianura-emiliana,14
2026-10-03T18:00Z,map,pianura-veneta,23
2026-10-03T18:00Z,map,piedmont-triad,113
2026-10-03T18:00Z,map,providence,113
2026-10-03T18:00Z,map,puebla,22
2026-10-03T18:00Z,map,puerto-rico,49
2026-10-03T18:00Z,map,pulau-pinang,113
2026-10-03T18:00Z,map,pyongyang-nk,2
2026-10-03T18:00Z,map,quebec-city,69
2026-10-03T18:00Z,map,reims,10
2026-10-03T18:00Z,map,rennes,25
2026-10-03T18:00Z,map,reunion,25
2026-10-03T18:00Z,map,rhein-main-neckar,185
2026-10-03T18:00Z,map,rhode-island,42
2026-10-03T18:00Z,map,richmond,24
2026-10-03T18:00Z,map,riviera-romagnola,13
2026-10-03T18:00Z,map,riyadh,27
2026-10-03T18:00Z,map,rochester,25
2026-10-03T18:00Z,map,rome,106
2026-10-03T18:00Z,map,rotterdam-the-hague,60
2026-10-03T18:00Z,map,rouen,14
2026-10-03T18:00Z,map,ruhrgebiet,128
2026-10-03T18:00Z,map,sacramento,114
2026-10-03T18:00Z,map,saltillo,21
2026-10-03T18:00Z,map,san-antonio,29
2026-10-03T18:00Z,map,san-juan,28
2026-10-03T18:00Z,map,santa-barbara,13
2026-10-03T18:00Z,map,sejong-3,1
2026-10-03T18:00Z,map,sejong-4,1
2026-10-03T18:00Z,map,seoul,140
2026-10-03T18:00Z,map,seoul-3,33
2026-10-03T18:00Z,map,seoul-4,56
2026-10-03T18:00Z,map,sevilla,34
2026-10-03T18:00Z,map,shanghai,147
2026-10-03T18:00Z,map,shenzhen,102
2026-10-03T18:00Z,map,shiraz,11
2026-10-03T18:00Z,map,singapore-val,154
2026-10-03T18:00Z,map,sofia-bulgaria,37
2026-10-03T18:00Z,map,south-florida,23
2026-10-03T18:00Z,map,spokane,20
2026-10-03T18:00Z,map,springfield-il,29
2026-10-03T18:00Z,map,strasbourg,43
2026-10-03T18:00Z,map,stuttgart,82
2026-10-03T18:00Z,map,sydney,63
2026-10-03T18:00Z,map,syracuse-ny,113
2026-10-03T18:00Z,map,tampa-bay,44
2026-10-03T18:00Z,map,tehran,35
2026-10-03T18:00Z,map,tel-aviv,71
2026-10-03T18:00Z,map,tijuana-san-diego,30
2026-10-03T18:00Z,map,toledo-oh,113
2026-10-03T18:00Z,map,toronto,312
2026-10-03T18:00Z,map,toulouse,39
2026-10-03T18:00Z,map,tours,12
2026-10-03T18:00Z,map,tri-cities,21
2026-10-03T18:00Z,map,tromso-no,38
2026-10-03T18:00Z,map,trondheim-no,27
2026-10-03T18:00Z,map,troyes,9
2026-10-03T18:00Z,map,turin,35
2026-10-03T18:00Z,map,ulsan-3,1
2026-10-03T18:00Z,map,ulsan-4,1
2026-10-03T18:00Z,map,valencia,55
2026-10-03T18:00Z,map,vancouver,175
2026-10-03T18:00Z,map,vienna,199
2026-10-03T18:00Z,map,warsaw-val,117
2026-10-03T18:00Z,map,willamette-valley,113
2026-10-03T18:00Z,map,wilmington-nc,114
2026-10-03T18:00Z,map,winnipeg,47
2026-10-03T18:00Z,map,xiamen,31
2026-10-03T18:00Z,map,yukina-akita,12
2026-10-03T18:00Z,map,yukina-asahikawa,19
2026-10-03T18:00Z,map,yukina-bydgoszcz-torun,26
2026-10-03T18:00Z,map,yukina-cz-brno,60
2026-10-03T18:00Z,map,yukina-cz-ceske-budejovice,16
2026-10-03T18:00Z,map,yukina-cz-hradec-pardubice,21
2026-10-03T18:00Z,map,yukina-cz-jihlava,11
2026-10-03T18:00Z,map,yukina-cz-karlovy-vary,10
2026-10-03T18:00Z,map,yukina-cz-liberec-jablonec,21
2026-10-03T18:00Z,map,yukina-cz-olomouc,21
2026-10-03T18:00Z,map,yukina-cz-ostrava,32
2026-10-03T18:00Z,map,yukina-cz-plzen,28
2026-10-03T18:00Z,map,yukina-cz-praha,266
2026-10-03T18:00Z,map,yukina-cz-ustecko-chomutov,21
2026-10-03T18:00Z,map,yukina-cz-zlin,17
2026-10-03T18:00Z,map,yukina-ee-ida-viru,19
2026-10-03T18:00Z,map,yukina-ee-parnu,29
2026-10-03T18:00Z,map,yukina-ee-tallinn,93
2026-10-03T18:00Z,map,yukina-ee-tartu,33
2026-10-03T18:00Z,map,yukina-fuji-numazu,14
2026-10-03T18:00Z,map,yukina-fukui,9
2026-10-03T18:00Z,map,yukina-fukuoka,47
2026-10-03T18:00Z,map,yukina-fukuyama,11
2026-10-03T18:00Z,map,yukina-hachinohe,11
2026-10-03T18:00Z,map,yukina-hakodate,31
2026-10-03T18:00Z,map,yukina-hiroshima-kure,40
2026-10-03T18:00Z,map,yukina-kagoshima-kirishima,27
2026-10-03T18:00Z,map,yukina-kanazawa,18
2026-10-03T18:00Z,map,yukina-keihanshin,73
2026-10-03T18:00Z,map,yukina-kitakyushu-shimonoseki,31
2026-10-03T18:00Z,map,yukina-kobe-akashi,44
2026-10-03T18:00Z,map,yukina-kochi,20
2026-10-03T18:00Z,map,yukina-kofu,13
2026-10-03T18:00Z,map,yukina-kumamoto,22
2026-10-03T18:00Z,map,yukina-kyoto,81
2026-10-03T18:00Z,map,yukina-lt-kaunas,39
2026-10-03T18:00Z,map,yukina-lt-klaipeda,22
2026-10-03T18:00Z,map,yukina-lt-panevezys,13
2026-10-03T18:00Z,map,yukina-lt-siauliai,14
2026-10-03T18:00Z,map,yukina-lt-vilnius,77
2026-10-03T18:00Z,map,yukina-lv-daugavpils,17
2026-10-03T18:00Z,map,yukina-lv-liepaja,15
2026-10-03T18:00Z,map,yukina-lv-riga,112
2026-10-03T18:00Z,map,yukina-maebashi,15
2026-10-03T18:00Z,map,yukina-matsumoto,9
2026-10-03T18:00Z,map,yukina-matsuyama,18
2026-10-03T18:00Z,map,yukina-mito-hitachi,11
2026-10-03T18:00Z,map,yukina-miyazaki,10
2026-10-03T18:00Z,map,yukina-morioka,17
2026-10-03T18:00Z,map,yukina-nagano,14
2026-10-03T18:00Z,map,yukina-nagasaki,27
2026-10-03T18:00Z,map,yukina-nagoya,51
2026-10-03T18:00Z,map,yukina-nakadoori,20
2026-10-03T18:00Z,map,yukina-nakaumi,19
2026-10-03T18:00Z,map,yukina-niigata,28
2026-10-03T18:00Z,map,yukina-northern-kyushu,52
2026-10-03T18:00Z,map,yukina-oita,15
2026-10-03T18:00Z,map,yukina-okayama,19
2026-10-03T18:00Z,map,yukina-okinawa,60
2026-10-03T18:00Z,map,yukina-osaka,102
2026-10-03T18:00Z,map,yukina-pl-bialystok,18
2026-10-03T18:00Z,map,yukina-pl-central-pomerania,8
2026-10-03T18:00Z,map,yukina-pl-czestochowa,14
2026-10-03T18:00Z,map,yukina-pl-gdansk,89
2026-10-03T18:00Z,map,yukina-pl-katowice-gzm,63
2026-10-03T18:00Z,map,yukina-pl-kielce,14
2026-10-03T18:00Z,map,yukina-pl-krakow,112
2026-10-03T18:00Z,map,yukina-pl-legnica,11
2026-10-03T18:00Z,map,yukina-pl-lodz,41
2026-10-03T18:00Z,map,yukina-pl-lublin,25
2026-10-03T18:00Z,map,yukina-pl-olsztyn,11
2026-10-03T18:00Z,map,yukina-pl-opole,11
2026-10-03T18:00Z,map,yukina-pl-plock-wloclawek,7
2026-10-03T18:00Z,map,yukina-pl-poznan,36
2026-10-03T18:00Z,map,yukina-pl-radom,13
2026-10-03T18:00Z,map,yukina-pl-rzeszow,14
2026-10-03T18:00Z,map,yukina-pl-szczecin,25
2026-10-03T18:00Z,map,yukina-pl-warszawa,209
2026-10-03T18:00Z,map,yukina-pl-wroclaw,60
2026-10-03T18:00Z,map,yukina-pl-zielona-gora,11
2026-10-03T18:00Z,map,yukina-sapporo-chitose,58
2026-10-03T18:00Z,map,yukina-sendai,38
2026-10-03T18:00Z,map,yukina-shizuoka-hamamatsu,25
2026-10-03T18:00Z,map,yukina-sk-banska-bystrica,19
2026-10-03T18:00Z,map,yukina-sk-bratislava,95
2026-10-03T18:00Z,map,yukina-sk-kosice-presov,25
2026-10-03T18:00Z,map,yukina-sk-nitra,18
2026-10-03T18:00Z,map,yukina-sk-poprad-spisska-nova-ves,14
2026-10-03T18:00Z,map,yukina-sk-trencin,13
2026-10-03T18:00Z,map,yukina-sk-zilina,16
2026-10-03T18:00Z,map,yukina-takamatsu,19
2026-10-03T18:00Z,map,yukina-tokushima,11
2026-10-03T18:00Z,map,yukina-tokyo,97
2026-10-03T18:00Z,map,yukina-tottori,16
2026-10-03T18:00Z,map,yukina-toyama,25
2026-10-03T18:00Z,map,yukina-tsugaru,22
2026-10-03T18:00Z,map,yukina-tw-chiayi,29
2026-10-03T18:00Z,map,yukina-tw-hsinchu,25
2026-10-03T18:00Z,map,yukina-tw-hualien-taitung,11
2026-10-03T18:00Z,map,yukina-tw-kaohsiung,54
2026-10-03T18:00Z,map,yukina-tw-southern-taiwan,48
2026-10-03T18:00Z,map,yukina-tw-taichung,69
2026-10-03T18:00Z,map,yukina-tw-tainan,36
2026-10-03T18:00Z,map,yukina-tw-taipei,185
2026-10-03T18:00Z,map,yukina-tw-yilan,11
2026-10-03T18:00Z,map,yukina-utsunomiya,14
2026-10-03T18:00Z,map,yukina-wakayama,13
2026-10-03T18:00Z,map,yukina-wakkanai,2
2026-10-03T18:00Z,map,yukina-yamagata,20
2026-10-03T18:00Z,map,yukina-yamaguchi,11
2026-10-03T18:00Z,map,zurich,120
2026-10-03T18:00Z,mod,any-money,187
2026-10-03T18:00Z,mod,anysave,24
2026-10-03T18:00Z,mod,auto-lines,316
2026-10-03T18:00Z,mod,basedgoat-trains,14
2026-10-03T18:00Z,mod,chinese-trains,30
2026-10-03T18:00Z,mod,cinematic-camera,17
2026-10-03T18:00Z,mod,citymapper,140
2026-10-03T18:00Z,mod,copy-paste,18
2026-10-03T18:00Z,mod,danield1909-realism-pathfinding,75
2026-10-03T18:00Z,mod,dantrains-abridged,22
2026-10-03T18:00Z,mod,demand-clusters,48
2026-10-03T18:00Z,mod,distance-circles,605
2026-10-03T18:00Z,mod,game-speedup,255
2026-10-03T18:00Z,mod,hide-and-seek,23
2026-10-03T18:00Z,mod,improved-schematics,559
2026-10-03T18:00Z,mod,induced-demand,487
2026-10-03T18:00Z,mod,intercity-hsr-trains,343
2026-10-03T18:00Z,mod,japanese-trains,29
2026-10-03T18:00Z,mod,kr-ktp,35
2026-10-03T18:00Z,mod,la-metro-trainpack,35
2026-10-03T18:00Z,mod,lrt-trains,71
2026-10-03T18:00Z,mod,madrid-transit-pack,70
2026-10-03T18:00Z,mod,map-markers,124
2026-10-03T18:00Z,mod,missed-connections,204
2026-10-03T18:00Z,mod,mode-manager,123
2026-10-03T18:00Z,mod,neighborhood-station-names,338
2026-10-03T18:00Z,mod,network-status,272
2026-10-03T18:00Z,mod,noah-great-society,71
2026-10-03T18:00Z,mod,orbital-surveyor,219
2026-10-03T18:00Z,mod,pause-on-start,9
2026-10-03T18:00Z,mod,penguin-approved-rolling-stock,63
2026-10-03T18:00Z,mod,resizable-ui,51
2026-10-03T18:00Z,mod,satellite-overlay,83
2026-10-03T18:00Z,mod,scrollable-dropdowns,163
2026-10-03T18:00Z,mod,simple-trains,205
2026-10-03T18:00Z,mod,station-dots,265
2026-10-03T18:00Z,mod,subway-builder-performance,332
2026-10-03T18:00Z,mod,subwaybuilder-regions,393
2026-10-03T18:00Z,mod,tathan-casino,9
2026-10-03T18:00Z,mod,tod,148
2026-10-03T18:00Z,mod,track-anarchy,237
2026-10-03T18:00Z,mod,track-visualizer,187
2026-10-03T18:00Z,mod,train-anarchy,87
2026-10-03T18:00Z,mod,transit-overlay,501
2026-10-03T18:00Z,mod,valdotoriums-trains,309
